/*
SQLyog Ultimate v8.32 
MySQL - 5.5.36 : Database - mycrm
*********************************************************************
*/

/*!40101 SET NAMES utf8 */;

/*!40101 SET SQL_MODE=''*/;

/*!40014 SET @OLD_UNIQUE_CHECKS=@@UNIQUE_CHECKS, UNIQUE_CHECKS=0 */;
/*!40014 SET @OLD_FOREIGN_KEY_CHECKS=@@FOREIGN_KEY_CHECKS, FOREIGN_KEY_CHECKS=0 */;
/*!40101 SET @OLD_SQL_MODE=@@SQL_MODE, SQL_MODE='NO_AUTO_VALUE_ON_ZERO' */;
/*!40111 SET @OLD_SQL_NOTES=@@SQL_NOTES, SQL_NOTES=0 */;
CREATE DATABASE /*!32312 IF NOT EXISTS*/`mycrm` /*!40100 DEFAULT CHARACTER SET utf8 */;

USE `mycrm`;

/*Table structure for table `department` */

DROP TABLE IF EXISTS `department`;

CREATE TABLE `department` (
  `id` bigint(20) NOT NULL AUTO_INCREMENT,
  `sn` varchar(50) DEFAULT NULL,
  `name` varchar(50) DEFAULT NULL,
  `manager_id` bigint(20) DEFAULT NULL,
  `parent_id` bigint(20) DEFAULT NULL,
  `state` tinyint(1) DEFAULT NULL,
  PRIMARY KEY (`id`)
) ENGINE=InnoDB AUTO_INCREMENT=5 DEFAULT CHARSET=utf8;

/*Data for the table `department` */

insert  into `department`(`id`,`sn`,`name`,`manager_id`,`parent_id`,`state`) values (1,'boss','总经办',NULL,NULL,NULL),(2,'market','市场部',NULL,NULL,NULL),(3,'java','人事部',NULL,NULL,NULL),(4,'C++','后勤部',NULL,NULL,NULL);

/*Table structure for table `emp_role` */

DROP TABLE IF EXISTS `emp_role`;

CREATE TABLE `emp_role` (
  `id` bigint(20) NOT NULL AUTO_INCREMENT,
  `r_id` bigint(20) DEFAULT NULL,
  `e_id` bigint(20) DEFAULT NULL,
  PRIMARY KEY (`id`),
  KEY `FK_emp_role_employee` (`e_id`),
  KEY `FK_emp_role_role` (`r_id`),
  CONSTRAINT `FK_emp_role_employee` FOREIGN KEY (`e_id`) REFERENCES `employee` (`id`),
  CONSTRAINT `FK_emp_role_role` FOREIGN KEY (`r_id`) REFERENCES `role` (`id`)
) ENGINE=InnoDB AUTO_INCREMENT=80 DEFAULT CHARSET=utf8;

/*Data for the table `emp_role` */

insert  into `emp_role`(`id`,`r_id`,`e_id`) values (17,1,8),(19,1,7),(35,1,10),(39,1,2),(43,3,11),(60,2,1),(61,1,1),(63,1,9),(67,1,4),(75,3,13),(79,1,12);

/*Table structure for table `employee` */

DROP TABLE IF EXISTS `employee`;

CREATE TABLE `employee` (
  `id` bigint(20) NOT NULL AUTO_INCREMENT,
  `username` varchar(50) DEFAULT NULL,
  `realname` varchar(50) DEFAULT NULL,
  `password` varchar(100) DEFAULT NULL,
  `tel` varchar(13) DEFAULT NULL,
  `email` varchar(100) DEFAULT NULL,
  `dept_id` bigint(20) DEFAULT NULL,
  `inputtime` date DEFAULT NULL,
  `state` tinyint(1) DEFAULT NULL,
  `admin` tinyint(1) DEFAULT NULL,
  `online` tinyint(1) DEFAULT NULL,
  PRIMARY KEY (`id`),
  KEY `FK_employee_department` (`dept_id`),
  CONSTRAINT `FK_employee_department` FOREIGN KEY (`dept_id`) REFERENCES `department` (`id`)
) ENGINE=InnoDB AUTO_INCREMENT=14 DEFAULT CHARSET=utf8;

/*Data for the table `employee` */

insert  into `employee`(`id`,`username`,`realname`,`password`,`tel`,`email`,`dept_id`,`inputtime`,`state`,`admin`,`online`) values (1,'admin','刘小余','123','15823388497','lxy@163.com',1,'2018-12-10',1,1,0),(2,'liuxiaoyu','测试1号','123','110','498816810@qq.com',2,'2018-10-31',1,0,0),(3,'liuxiaoyuy','8jjjc','123','scc','666@qq.com',2,'2020-07-31',0,0,0),(4,'Spring','Spring家族','123','110','11111111',3,'2020-07-30',1,0,0),(7,'SpringMVC','Spring家族','123','110','498816810@qq.com',3,'2020-08-08',1,0,0),(8,'Mybatis1','Mybatis框架','123','110','498816810@qq.com',2,'2020-08-06',0,0,0),(9,'Mybatis','Mybatis框架','123','1111111','1123@162.com',2,'2020-08-05',1,0,0),(10,'SpringBoot','lxyyyyy','123','110','498816810@qq.com',3,'2020-08-01',1,0,0),(11,'vistor','游客','123','888888','498816810@qq.com',2,'2020-08-11',1,0,0),(12,'excel','Excel导出测试','123','1111111','498816810@qq.com',4,'2020-08-06',1,0,0),(13,'最后测试','LiuXiaoYu','123','110','498816810@qq.com',2,'2020-07-31',1,0,0);

/*Table structure for table `log` */

DROP TABLE IF EXISTS `log`;

CREATE TABLE `log` (
  `id` bigint(20) NOT NULL AUTO_INCREMENT,
  `opUser_id` bigint(20) DEFAULT NULL,
  `opTime` datetime DEFAULT NULL,
  `opIp` varchar(255) DEFAULT NULL,
  `function` varchar(255) DEFAULT NULL,
  `params` varchar(500) DEFAULT NULL,
  PRIMARY KEY (`id`),
  KEY `FK_log_employee` (`opUser_id`),
  CONSTRAINT `FK_log_employee` FOREIGN KEY (`opUser_id`) REFERENCES `employee` (`id`)
) ENGINE=InnoDB AUTO_INCREMENT=2614 DEFAULT CHARSET=utf8;

/*Data for the table `log` */

insert  into `log`(`id`,`opUser_id`,`opTime`,`opIp`,`function`,`params`) values (2198,NULL,NULL,NULL,NULL,NULL),(2199,NULL,'2020-08-17 22:15:15','0:0:0:0:0:0:0:1','com.lxy.crm.service.impl.EmployeeServiceImpl:getEmployeeForLogin','[\"admin\",\"123\"]'),(2200,NULL,'2020-08-17 22:15:16','0:0:0:0:0:0:0:1','com.lxy.crm.service.impl.EmployeeServiceImpl:updateOnline','[{\"id\":1,\"username\":\"admin\",\"realname\":\"刘小余\",\"password\":\"123\",\"tel\":\"15823388497\",\"email\":\"lxy@163.com\",\"dept\":null,\"inputtime\":\"2018-12-09\",\"state\":true,\"admin\":true,\"online\":false,\"roles\":[]}]'),(2201,1,'2020-08-17 22:15:16','0:0:0:0:0:0:0:1','com.lxy.crm.service.impl.PermissionServiceImpl:queryPermissionByEid','[1]'),(2202,1,'2020-08-17 22:15:17','0:0:0:0:0:0:0:1','com.lxy.crm.service.impl.MenuServiceImpl:queryForMenu','[]'),(2203,1,'2020-08-17 22:16:09','0:0:0:0:0:0:0:1','com.lxy.crm.service.impl.DepartmentServiceImpl:queryForEmp','[]'),(2204,1,'2020-08-17 22:16:09','0:0:0:0:0:0:0:1','com.lxy.crm.service.impl.RoleServiceImpl:queryForEmployeeRole','[]'),(2205,1,'2020-08-17 22:16:09','0:0:0:0:0:0:0:1','com.lxy.crm.service.impl.EmployeeServiceImpl:queryForPage','[{\"page\":1,\"rows\":10,\"keyword\":null,\"start\":0}]'),(2206,1,'2020-08-17 22:16:41','0:0:0:0:0:0:0:1','com.lxy.crm.service.impl.EmployeeServiceImpl:selectAllForExcel','[]'),(2207,1,'2020-08-17 22:17:01','0:0:0:0:0:0:0:1','com.lxy.crm.service.impl.EmployeeServiceImpl:queryForPage','[{\"page\":1,\"rows\":10,\"keyword\":\"登录注册\",\"start\":0}]'),(2208,1,'2020-08-17 22:17:13','0:0:0:0:0:0:0:1','com.lxy.crm.service.impl.EmployeeServiceImpl:queryForPage','[{\"page\":1,\"rows\":10,\"keyword\":\"a\",\"start\":0}]'),(2209,1,'2020-08-17 22:17:33','0:0:0:0:0:0:0:1','com.lxy.crm.service.impl.EmployeeServiceImpl:selectAllForExcel','[]'),(2210,1,'2020-08-17 22:17:34','0:0:0:0:0:0:0:1','com.lxy.crm.service.impl.EmployeeServiceImpl:selectAllForExcel','[]'),(2211,1,'2020-08-17 22:17:34','0:0:0:0:0:0:0:1','com.lxy.crm.service.impl.EmployeeServiceImpl:insert','[{\"id\":13,\"username\":\"liuxiaoyuy\",\"realname\":\"\",\"password\":\"123\",\"tel\":\"\",\"email\":\"\",\"dept\":{\"id\":null,\"sn\":null,\"name\":null,\"manager\":null,\"parent\":null,\"state\":null},\"inputtime\":null,\"state\":true,\"admin\":false,\"online\":false,\"roles\":[]}]'),(2212,1,'2020-08-17 22:17:34','0:0:0:0:0:0:0:1','com.lxy.crm.service.impl.EmployeeServiceImpl:insert','[{\"id\":14,\"username\":\"liuxiaoyuy\",\"realname\":\"\",\"password\":\"123\",\"tel\":\"\",\"email\":\"\",\"dept\":{\"id\":null,\"sn\":null,\"name\":null,\"manager\":null,\"parent\":null,\"state\":null},\"inputtime\":null,\"state\":true,\"admin\":false,\"online\":false,\"roles\":[]}]'),(2213,1,'2020-08-17 22:17:35','0:0:0:0:0:0:0:1','com.lxy.crm.service.impl.EmployeeServiceImpl:queryForPage','[{\"page\":1,\"rows\":10,\"keyword\":\"a\",\"start\":0}]'),(2214,1,'2020-08-17 22:17:36','0:0:0:0:0:0:0:1','com.lxy.crm.service.impl.EmployeeServiceImpl:queryForPage','[{\"page\":1,\"rows\":10,\"keyword\":\"a\",\"start\":0}]'),(2215,1,'2020-08-17 22:18:49','0:0:0:0:0:0:0:1','com.lxy.crm.service.impl.EmployeeServiceImpl:selectAllForExcel','[]'),(2216,1,'2020-08-17 22:18:49','0:0:0:0:0:0:0:1','com.lxy.crm.service.impl.EmployeeServiceImpl:selectAllForExcel','[]'),(2217,1,'2020-08-17 22:19:28','0:0:0:0:0:0:0:1','com.lxy.crm.service.impl.DepartmentServiceImpl:queryForEmp','[]'),(2218,1,'2020-08-17 22:19:28','0:0:0:0:0:0:0:1','com.lxy.crm.service.impl.RoleServiceImpl:queryForEmployeeRole','[]'),(2219,1,'2020-08-17 22:19:28','0:0:0:0:0:0:0:1','com.lxy.crm.service.impl.EmployeeServiceImpl:queryForPage','[{\"page\":1,\"rows\":10,\"keyword\":null,\"start\":0}]'),(2220,1,'2020-08-17 22:20:18','0:0:0:0:0:0:0:1','com.lxy.crm.service.impl.EmployeeServiceImpl:selectAllForExcel','[]'),(2221,1,'2020-08-17 22:20:37','0:0:0:0:0:0:0:1','com.lxy.crm.service.impl.PermissionServiceImpl:queryForPage','[{\"page\":1,\"rows\":10,\"rid\":null,\"keyword\":null,\"start\":0}]'),(2222,1,'2020-08-17 22:20:40','0:0:0:0:0:0:0:1','com.lxy.crm.service.impl.DepartmentServiceImpl:queryForPage','[{\"page\":1,\"rows\":10,\"keyword\":null,\"start\":0}]'),(2223,1,'2020-08-17 22:20:41','0:0:0:0:0:0:0:1','com.lxy.crm.service.impl.RoleServiceImpl:queryForPage','[{\"page\":1,\"rows\":10,\"keyword\":null,\"start\":0}]'),(2224,1,'2020-08-17 22:20:41','0:0:0:0:0:0:0:1','com.lxy.crm.service.impl.PermissionServiceImpl:queryForPage','[{\"page\":1,\"rows\":10,\"rid\":null,\"keyword\":null,\"start\":0}]'),(2225,NULL,'2020-08-17 22:23:41','0:0:0:0:0:0:0:1','com.lxy.crm.service.impl.EmployeeServiceImpl:getEmployeeForLogin','[\"admin\",\"123\"]'),(2226,NULL,'2020-08-17 22:23:45','0:0:0:0:0:0:0:1','com.lxy.crm.service.impl.EmployeeServiceImpl:getEmployeeForLogin','[\"admin\",\"123\"]'),(2227,NULL,'2020-08-17 22:23:47','0:0:0:0:0:0:0:1','com.lxy.crm.service.impl.EmployeeServiceImpl:getEmployeeForLogin','[\"admin\",\"123\"]'),(2228,NULL,'2020-08-17 22:24:10','0:0:0:0:0:0:0:1','com.lxy.crm.service.impl.EmployeeServiceImpl:getEmployeeForLogin','[\"liuxiaoyu\",\"123\"]'),(2229,NULL,'2020-08-17 22:24:10','0:0:0:0:0:0:0:1','com.lxy.crm.service.impl.EmployeeServiceImpl:updateOnline','[{\"id\":2,\"username\":\"liuxiaoyu\",\"realname\":\"测试1号\",\"password\":\"123\",\"tel\":\"110\",\"email\":\"498816810@qq.com\",\"dept\":null,\"inputtime\":\"2018-10-30\",\"state\":true,\"admin\":false,\"online\":false,\"roles\":[]}]'),(2230,2,'2020-08-17 22:24:10','0:0:0:0:0:0:0:1','com.lxy.crm.service.impl.PermissionServiceImpl:queryPermissionByEid','[2]'),(2231,2,'2020-08-17 22:24:10','0:0:0:0:0:0:0:1','com.lxy.crm.service.impl.MenuServiceImpl:queryForMenu','[]'),(2232,2,'2020-08-17 22:24:10','0:0:0:0:0:0:0:1','com.lxy.crm.service.impl.PermissionServiceImpl:selectAll','[]'),(2233,2,'2020-08-17 22:24:12','0:0:0:0:0:0:0:1','com.lxy.crm.service.impl.DepartmentServiceImpl:queryForEmp','[]'),(2234,2,'2020-08-17 22:24:12','0:0:0:0:0:0:0:1','com.lxy.crm.service.impl.RoleServiceImpl:queryForEmployeeRole','[]'),(2235,2,'2020-08-17 22:24:13','0:0:0:0:0:0:0:1','com.lxy.crm.service.impl.EmployeeServiceImpl:queryForPage','[{\"page\":1,\"rows\":10,\"keyword\":null,\"start\":0}]'),(2236,2,'2020-08-17 22:24:52','0:0:0:0:0:0:0:1','com.lxy.crm.service.impl.EmployeeServiceImpl:queryByEid','[9]'),(2237,2,'2020-08-17 22:24:56','0:0:0:0:0:0:0:1','com.lxy.crm.service.impl.EmployeeServiceImpl:updateByPrimaryKey','[{\"id\":9,\"username\":\"Mybatis\",\"realname\":\"Mybatis框架\",\"password\":null,\"tel\":\"1111111\",\"email\":\"1123@162.com\",\"dept\":{\"id\":2,\"sn\":null,\"name\":null,\"manager\":null,\"parent\":null,\"state\":null},\"inputtime\":\"2020-08-04\",\"state\":null,\"admin\":null,\"online\":null,\"roles\":[{\"id\":1,\"name\":null,\"sn\":null,\"permissions\":[]}]}]'),(2238,2,'2020-08-17 22:25:02','0:0:0:0:0:0:0:1','com.lxy.crm.service.impl.DepartmentServiceImpl:queryForPage','[{\"page\":1,\"rows\":10,\"keyword\":null,\"start\":0}]'),(2239,2,'2020-08-17 22:25:09','0:0:0:0:0:0:0:1','com.lxy.crm.service.impl.DepartmentServiceImpl:queryForEmp','[]'),(2240,2,'2020-08-17 22:25:09','0:0:0:0:0:0:0:1','com.lxy.crm.service.impl.RoleServiceImpl:queryForEmployeeRole','[]'),(2241,2,'2020-08-17 22:25:09','0:0:0:0:0:0:0:1','com.lxy.crm.service.impl.EmployeeServiceImpl:queryForPage','[{\"page\":1,\"rows\":10,\"keyword\":null,\"start\":0}]'),(2242,1,'2020-08-17 22:25:33','0:0:0:0:0:0:0:1','com.lxy.crm.service.impl.RoleServiceImpl:queryForPage','[{\"page\":1,\"rows\":10,\"keyword\":null,\"start\":0}]'),(2243,1,'2020-08-17 22:25:33','0:0:0:0:0:0:0:1','com.lxy.crm.service.impl.PermissionServiceImpl:queryForPage','[{\"page\":1,\"rows\":10,\"rid\":null,\"keyword\":null,\"start\":0}]'),(2244,1,'2020-08-17 22:25:34','0:0:0:0:0:0:0:1','com.lxy.crm.service.impl.DepartmentServiceImpl:queryForEmp','[]'),(2245,1,'2020-08-17 22:25:34','0:0:0:0:0:0:0:1','com.lxy.crm.service.impl.RoleServiceImpl:queryForEmployeeRole','[]'),(2246,1,'2020-08-17 22:25:34','0:0:0:0:0:0:0:1','com.lxy.crm.service.impl.EmployeeServiceImpl:queryForPage','[{\"page\":1,\"rows\":10,\"keyword\":null,\"start\":0}]'),(2247,1,'2020-08-17 22:26:11','0:0:0:0:0:0:0:1','com.lxy.crm.service.impl.EmployeeServiceImpl:queryByEid','[4]'),(2248,2,'2020-08-17 22:26:23','0:0:0:0:0:0:0:1','com.lxy.crm.service.impl.EmployeeServiceImpl:queryByEid','[4]'),(2249,2,'2020-08-17 22:26:49','0:0:0:0:0:0:0:1','com.lxy.crm.service.impl.EmployeeServiceImpl:updateByPrimaryKey','[{\"id\":4,\"username\":\"Spring\",\"realname\":\"Spring家\",\"password\":null,\"tel\":\"110\",\"email\":\"11111111\",\"dept\":{\"id\":3,\"sn\":null,\"name\":null,\"manager\":null,\"parent\":null,\"state\":null},\"inputtime\":\"2020-07-30\",\"state\":null,\"admin\":null,\"online\":null,\"roles\":[{\"id\":1,\"name\":null,\"sn\":null,\"permissions\":[]}]}]'),(2250,1,'2020-08-17 22:26:51','0:0:0:0:0:0:0:1','com.lxy.crm.service.impl.EmployeeServiceImpl:updateByPrimaryKey','[{\"id\":4,\"username\":\"Spring\",\"realname\":\"Spring家族2\",\"password\":null,\"tel\":\"110\",\"email\":\"11111111\",\"dept\":{\"id\":3,\"sn\":null,\"name\":null,\"manager\":null,\"parent\":null,\"state\":null},\"inputtime\":\"2020-07-30\",\"state\":null,\"admin\":null,\"online\":null,\"roles\":[{\"id\":1,\"name\":null,\"sn\":null,\"permissions\":[]}]}]'),(2251,1,'2020-08-17 22:26:52','0:0:0:0:0:0:0:1','com.lxy.crm.service.impl.EmployeeServiceImpl:queryForPage','[{\"page\":1,\"rows\":10,\"keyword\":null,\"start\":0}]'),(2252,2,'2020-08-17 22:27:07','0:0:0:0:0:0:0:1','com.lxy.crm.service.impl.DepartmentServiceImpl:queryForEmp','[]'),(2253,2,'2020-08-17 22:27:07','0:0:0:0:0:0:0:1','com.lxy.crm.service.impl.RoleServiceImpl:queryForEmployeeRole','[]'),(2254,2,'2020-08-17 22:27:07','0:0:0:0:0:0:0:1','com.lxy.crm.service.impl.EmployeeServiceImpl:queryForPage','[{\"page\":1,\"rows\":10,\"keyword\":null,\"start\":0}]'),(2255,2,'2020-08-17 22:27:56','0:0:0:0:0:0:0:1','com.lxy.crm.service.impl.DepartmentServiceImpl:queryForPage','[{\"page\":1,\"rows\":10,\"keyword\":null,\"start\":0}]'),(2256,2,'2020-08-17 22:27:58','0:0:0:0:0:0:0:1','com.lxy.crm.service.impl.DepartmentServiceImpl:queryForPage','[{\"page\":1,\"rows\":10,\"keyword\":null,\"start\":0}]'),(2257,2,'2020-08-17 22:28:13','0:0:0:0:0:0:0:1','com.lxy.crm.service.impl.EmployeeServiceImpl:updateByPrimaryKey','[{\"id\":4,\"username\":\"Spring\",\"realname\":\"Spring家族\",\"password\":null,\"tel\":\"110\",\"email\":\"11111111\",\"dept\":{\"id\":3,\"sn\":null,\"name\":null,\"manager\":null,\"parent\":null,\"state\":null},\"inputtime\":\"2020-07-29\",\"state\":null,\"admin\":null,\"online\":null,\"roles\":[{\"id\":1,\"name\":null,\"sn\":null,\"permissions\":[]}]}]'),(2258,2,'2020-08-17 22:28:13','0:0:0:0:0:0:0:1','com.lxy.crm.service.impl.EmployeeServiceImpl:updateByPrimaryKey','[{\"id\":4,\"username\":\"Spring\",\"realname\":\"Spring家族\",\"password\":null,\"tel\":\"110\",\"email\":\"11111111\",\"dept\":{\"id\":3,\"sn\":null,\"name\":null,\"manager\":null,\"parent\":null,\"state\":null},\"inputtime\":\"2020-07-29\",\"state\":null,\"admin\":null,\"online\":null,\"roles\":[{\"id\":1,\"name\":null,\"sn\":null,\"permissions\":[]}]}]'),(2259,1,'2020-08-17 22:28:32','0:0:0:0:0:0:0:1','com.lxy.crm.service.impl.EmployeeServiceImpl:selectAllForExcel','[]'),(2260,1,'2020-08-17 22:28:54','0:0:0:0:0:0:0:1','com.lxy.crm.service.impl.PermissionServiceImpl:queryForPage','[{\"page\":1,\"rows\":10,\"rid\":null,\"keyword\":null,\"start\":0}]'),(2261,1,'2020-08-17 22:28:55','0:0:0:0:0:0:0:1','com.lxy.crm.service.impl.DepartmentServiceImpl:queryForPage','[{\"page\":1,\"rows\":10,\"keyword\":null,\"start\":0}]'),(2262,1,'2020-08-17 22:28:58','0:0:0:0:0:0:0:1','com.lxy.crm.service.impl.EmployeeServiceImpl:queryForPage','[{\"page\":1,\"rows\":10,\"keyword\":null,\"start\":0}]'),(2263,1,'2020-08-17 22:29:01','0:0:0:0:0:0:0:1','com.lxy.crm.service.impl.EmployeeServiceImpl:queryForPage','[{\"page\":1,\"rows\":10,\"keyword\":null,\"start\":0}]'),(2264,1,'2020-08-17 22:29:07','0:0:0:0:0:0:0:1','com.lxy.crm.service.impl.EmployeeServiceImpl:updateOnline','[{\"id\":1,\"username\":\"admin\",\"realname\":\"刘小余\",\"password\":\"123\",\"tel\":\"15823388497\",\"email\":\"lxy@163.com\",\"dept\":null,\"inputtime\":\"2018-12-09\",\"state\":true,\"admin\":true,\"online\":true,\"roles\":[]}]'),(2265,2,'2020-08-17 22:29:11','0:0:0:0:0:0:0:1','com.lxy.crm.service.impl.EmployeeServiceImpl:updateOnline','[{\"id\":2,\"username\":\"liuxiaoyu\",\"realname\":\"测试1号\",\"password\":\"123\",\"tel\":\"110\",\"email\":\"498816810@qq.com\",\"dept\":null,\"inputtime\":\"2018-10-30\",\"state\":true,\"admin\":false,\"online\":true,\"roles\":[]}]'),(2266,NULL,'2020-08-18 08:49:42','0:0:0:0:0:0:0:1','com.lxy.crm.service.impl.EmployeeServiceImpl:getEmployeeForLogin','[\"admin\",\"123\"]'),(2267,NULL,'2020-08-18 08:49:43','0:0:0:0:0:0:0:1','com.lxy.crm.service.impl.EmployeeServiceImpl:updateOnline','[{\"id\":1,\"username\":\"admin\",\"realname\":\"刘小余\",\"password\":\"123\",\"tel\":\"15823388497\",\"email\":\"lxy@163.com\",\"dept\":null,\"inputtime\":\"2018-12-09\",\"state\":true,\"admin\":true,\"online\":false,\"roles\":[]}]'),(2268,1,'2020-08-18 08:49:44','0:0:0:0:0:0:0:1','com.lxy.crm.service.impl.PermissionServiceImpl:queryPermissionByEid','[1]'),(2269,1,'2020-08-18 08:49:44','0:0:0:0:0:0:0:1','com.lxy.crm.service.impl.MenuServiceImpl:queryForMenu','[]'),(2270,1,'2020-08-18 08:49:54','0:0:0:0:0:0:0:1','com.lxy.crm.service.impl.EmployeeServiceImpl:getEmployeeForLogin','[\"admin\",\"123\"]'),(2271,1,'2020-08-18 08:50:01','0:0:0:0:0:0:0:1','com.lxy.crm.service.impl.DepartmentServiceImpl:queryForEmp','[]'),(2272,1,'2020-08-18 08:50:01','0:0:0:0:0:0:0:1','com.lxy.crm.service.impl.RoleServiceImpl:queryForEmployeeRole','[]'),(2273,1,'2020-08-18 08:50:02','0:0:0:0:0:0:0:1','com.lxy.crm.service.impl.RoleServiceImpl:queryForPage','[{\"page\":1,\"rows\":10,\"keyword\":null,\"start\":0}]'),(2274,1,'2020-08-18 08:50:02','0:0:0:0:0:0:0:1','com.lxy.crm.service.impl.EmployeeServiceImpl:queryForPage','[{\"page\":1,\"rows\":10,\"keyword\":null,\"start\":0}]'),(2275,1,'2020-08-18 08:50:03','0:0:0:0:0:0:0:1','com.lxy.crm.service.impl.PermissionServiceImpl:queryForPage','[{\"page\":1,\"rows\":10,\"rid\":null,\"keyword\":null,\"start\":0}]'),(2276,1,'2020-08-18 08:50:11','0:0:0:0:0:0:0:1','com.lxy.crm.service.impl.PermissionServiceImpl:queryForPage','[{\"page\":1,\"rows\":10,\"rid\":null,\"keyword\":null,\"start\":0}]'),(2277,1,'2020-08-18 08:50:20','0:0:0:0:0:0:0:1','com.lxy.crm.service.impl.DepartmentServiceImpl:queryForEmp','[]'),(2278,1,'2020-08-18 08:50:20','0:0:0:0:0:0:0:1','com.lxy.crm.service.impl.RoleServiceImpl:queryForEmployeeRole','[]'),(2279,1,'2020-08-18 08:50:20','0:0:0:0:0:0:0:1','com.lxy.crm.service.impl.EmployeeServiceImpl:queryForPage','[{\"page\":1,\"rows\":10,\"keyword\":null,\"start\":0}]'),(2280,1,'2020-08-18 08:50:25','0:0:0:0:0:0:0:1','com.lxy.crm.service.impl.DepartmentServiceImpl:queryForPage','[{\"page\":1,\"rows\":10,\"keyword\":null,\"start\":0}]'),(2281,1,'2020-08-18 08:50:28','0:0:0:0:0:0:0:1','com.lxy.crm.service.impl.PermissionServiceImpl:queryForPage','[{\"page\":1,\"rows\":10,\"rid\":null,\"keyword\":null,\"start\":0}]'),(2282,1,'2020-08-18 08:50:37','0:0:0:0:0:0:0:1','com.lxy.crm.service.impl.DepartmentServiceImpl:queryForPage','[{\"page\":1,\"rows\":10,\"keyword\":null,\"start\":0}]'),(2283,1,'2020-08-18 08:50:40','0:0:0:0:0:0:0:1','com.lxy.crm.service.impl.RoleServiceImpl:queryForPage','[{\"page\":1,\"rows\":10,\"keyword\":null,\"start\":0}]'),(2284,1,'2020-08-18 08:50:40','0:0:0:0:0:0:0:1','com.lxy.crm.service.impl.PermissionServiceImpl:queryForPage','[{\"page\":1,\"rows\":10,\"rid\":null,\"keyword\":null,\"start\":0}]'),(2285,1,'2020-08-18 08:51:39','0:0:0:0:0:0:0:1','com.lxy.crm.service.impl.EmployeeServiceImpl:selectAllForExcel','[]'),(2286,1,'2020-08-18 08:51:39','0:0:0:0:0:0:0:1','com.lxy.crm.service.impl.EmployeeServiceImpl:insert','[{\"id\":13,\"username\":\"最后测试\",\"realname\":\"LiuXiaoYu\",\"password\":\"123\",\"tel\":\"110\",\"email\":\"498816810@qq.com\",\"dept\":{\"id\":2,\"sn\":null,\"name\":null,\"manager\":null,\"parent\":null,\"state\":null},\"inputtime\":\"2020-08-09\",\"state\":true,\"admin\":false,\"online\":false,\"roles\":[{\"id\":1,\"name\":null,\"sn\":null,\"permissions\":[]}]}]'),(2287,1,'2020-08-18 08:51:40','0:0:0:0:0:0:0:1','com.lxy.crm.service.impl.EmployeeServiceImpl:queryForPage','[{\"page\":1,\"rows\":10,\"keyword\":null,\"start\":0}]'),(2288,1,'2020-08-18 08:51:52','0:0:0:0:0:0:0:1','com.lxy.crm.service.impl.EmployeeServiceImpl:queryForPage','[{\"page\":2,\"rows\":10,\"keyword\":null,\"start\":10}]'),(2289,1,'2020-08-18 08:51:53','0:0:0:0:0:0:0:1','com.lxy.crm.service.impl.EmployeeServiceImpl:queryForPage','[{\"page\":1,\"rows\":10,\"keyword\":null,\"start\":0}]'),(2290,1,'2020-08-18 08:51:54','0:0:0:0:0:0:0:1','com.lxy.crm.service.impl.EmployeeServiceImpl:queryForPage','[{\"page\":1,\"rows\":20,\"keyword\":null,\"start\":0}]'),(2291,1,'2020-08-18 08:51:57','0:0:0:0:0:0:0:1','com.lxy.crm.service.impl.EmployeeServiceImpl:queryByEid','[13]'),(2292,1,'2020-08-18 08:52:10','0:0:0:0:0:0:0:1','com.lxy.crm.service.impl.EmployeeServiceImpl:updateByPrimaryKey','[{\"id\":13,\"username\":\"最后测试\",\"realname\":\"LiuXiaoYu\",\"password\":null,\"tel\":\"110\",\"email\":\"498816810@qq.com\",\"dept\":{\"id\":3,\"sn\":null,\"name\":null,\"manager\":null,\"parent\":null,\"state\":null},\"inputtime\":\"2020-08-01\",\"state\":null,\"admin\":null,\"online\":null,\"roles\":[{\"id\":1,\"name\":null,\"sn\":null,\"permissions\":[]}]}]'),(2293,1,'2020-08-18 08:52:10','0:0:0:0:0:0:0:1','com.lxy.crm.service.impl.EmployeeServiceImpl:updateByPrimaryKey','[{\"id\":13,\"username\":\"最后测试\",\"realname\":\"LiuXiaoYu\",\"password\":null,\"tel\":\"110\",\"email\":\"498816810@qq.com\",\"dept\":{\"id\":3,\"sn\":null,\"name\":null,\"manager\":null,\"parent\":null,\"state\":null},\"inputtime\":\"2020-08-01\",\"state\":null,\"admin\":null,\"online\":null,\"roles\":[{\"id\":1,\"name\":null,\"sn\":null,\"permissions\":[]}]}]'),(2294,1,'2020-08-18 08:52:11','0:0:0:0:0:0:0:1','com.lxy.crm.service.impl.EmployeeServiceImpl:queryForPage','[{\"page\":1,\"rows\":20,\"keyword\":null,\"start\":0}]'),(2295,1,'2020-08-18 08:52:12','0:0:0:0:0:0:0:1','com.lxy.crm.service.impl.EmployeeServiceImpl:queryForPage','[{\"page\":1,\"rows\":20,\"keyword\":null,\"start\":0}]'),(2296,1,'2020-08-18 08:52:16','0:0:0:0:0:0:0:1','com.lxy.crm.service.impl.EmployeeServiceImpl:queryByEid','[13]'),(2297,1,'2020-08-18 08:52:18','0:0:0:0:0:0:0:1','com.lxy.crm.service.impl.EmployeeServiceImpl:updateByPrimaryKey','[{\"id\":13,\"username\":\"最后测试\",\"realname\":\"LiuXiaoYu\",\"password\":null,\"tel\":\"110\",\"email\":\"498816810@qq.com\",\"dept\":{\"id\":2,\"sn\":null,\"name\":null,\"manager\":null,\"parent\":null,\"state\":null},\"inputtime\":\"2020-07-31\",\"state\":null,\"admin\":null,\"online\":null,\"roles\":[{\"id\":1,\"name\":null,\"sn\":null,\"permissions\":[]}]}]'),(2298,1,'2020-08-18 08:52:19','0:0:0:0:0:0:0:1','com.lxy.crm.service.impl.EmployeeServiceImpl:queryForPage','[{\"page\":1,\"rows\":20,\"keyword\":null,\"start\":0}]'),(2299,1,'2020-08-18 08:52:32','0:0:0:0:0:0:0:1','com.lxy.crm.service.impl.EmployeeServiceImpl:queryForPage','[{\"page\":1,\"rows\":20,\"keyword\":null,\"start\":0}]'),(2300,1,'2020-08-18 08:53:00','0:0:0:0:0:0:0:1','com.lxy.crm.service.impl.DepartmentServiceImpl:insert','[{\"id\":4,\"sn\":\"C++\",\"name\":\"后勤部\",\"manager\":null,\"parent\":null,\"state\":null}]'),(2301,1,'2020-08-18 08:53:00','0:0:0:0:0:0:0:1','com.lxy.crm.service.impl.DepartmentServiceImpl:queryForPage','[{\"page\":1,\"rows\":10,\"keyword\":null,\"start\":0}]'),(2302,1,'2020-08-18 08:53:04','0:0:0:0:0:0:0:1','com.lxy.crm.service.impl.DepartmentServiceImpl:updateByPrimaryKey','[{\"id\":4,\"sn\":\"C++\",\"name\":\"后勤部\",\"manager\":null,\"parent\":null,\"state\":null}]'),(2303,1,'2020-08-18 08:53:04','0:0:0:0:0:0:0:1','com.lxy.crm.service.impl.DepartmentServiceImpl:updateByPrimaryKey','[{\"id\":4,\"sn\":\"C++\",\"name\":\"后勤部\",\"manager\":null,\"parent\":null,\"state\":null}]'),(2304,1,'2020-08-18 08:53:05','0:0:0:0:0:0:0:1','com.lxy.crm.service.impl.DepartmentServiceImpl:queryForPage','[{\"page\":1,\"rows\":10,\"keyword\":null,\"start\":0}]'),(2305,1,'2020-08-18 08:53:06','0:0:0:0:0:0:0:1','com.lxy.crm.service.impl.DepartmentServiceImpl:queryForPage','[{\"page\":1,\"rows\":10,\"keyword\":null,\"start\":0}]'),(2306,1,'2020-08-18 08:53:08','0:0:0:0:0:0:0:1','com.lxy.crm.service.impl.DepartmentServiceImpl:updateState','[4]'),(2307,1,'2020-08-18 08:53:09','0:0:0:0:0:0:0:1','com.lxy.crm.service.impl.DepartmentServiceImpl:queryForPage','[{\"page\":1,\"rows\":10,\"keyword\":null,\"start\":0}]'),(2308,1,'2020-08-18 08:53:12','0:0:0:0:0:0:0:1','com.lxy.crm.service.impl.DepartmentServiceImpl:queryForPage','[{\"page\":1,\"rows\":10,\"keyword\":null,\"start\":0}]'),(2309,1,'2020-08-18 08:53:16','0:0:0:0:0:0:0:1','com.lxy.crm.service.impl.DepartmentServiceImpl:queryForPage','[{\"page\":1,\"rows\":10,\"keyword\":\"C\",\"start\":0}]'),(2310,1,'2020-08-18 08:53:25','0:0:0:0:0:0:0:1','com.lxy.crm.service.impl.PermissionServiceImpl:queryForPage','[{\"page\":1,\"rows\":10,\"rid\":null,\"keyword\":\"新\",\"start\":0}]'),(2311,1,'2020-08-18 08:53:28','0:0:0:0:0:0:0:1','com.lxy.crm.service.impl.PermissionServiceImpl:queryForPage','[{\"page\":1,\"rows\":10,\"rid\":null,\"keyword\":\"\",\"start\":0}]'),(2312,1,'2020-08-18 08:53:30','0:0:0:0:0:0:0:1','com.lxy.crm.service.impl.PermissionServiceImpl:queryForPage','[{\"page\":1,\"rows\":5,\"rid\":null,\"keyword\":\"\",\"start\":0}]'),(2313,1,'2020-08-18 08:53:31','0:0:0:0:0:0:0:1','com.lxy.crm.service.impl.PermissionServiceImpl:queryForPage','[{\"page\":1,\"rows\":10,\"rid\":null,\"keyword\":\"\",\"start\":0}]'),(2314,1,'2020-08-18 08:53:42','0:0:0:0:0:0:0:1','com.lxy.crm.service.impl.DepartmentServiceImpl:queryForPage','[{\"page\":1,\"rows\":10,\"keyword\":\"C\",\"start\":0}]'),(2315,1,'2020-08-18 08:53:44','0:0:0:0:0:0:0:1','com.lxy.crm.service.impl.DepartmentServiceImpl:queryForPage','[{\"page\":1,\"rows\":10,\"keyword\":\"\",\"start\":0}]'),(2316,1,'2020-08-18 08:54:08','0:0:0:0:0:0:0:1','com.lxy.crm.service.impl.EmployeeServiceImpl:selectAllForExcel','[]'),(2317,1,'2020-08-18 08:54:37','0:0:0:0:0:0:0:1','com.lxy.crm.service.impl.EmployeeServiceImpl:updateOnline','[{\"id\":1,\"username\":\"admin\",\"realname\":\"刘小余\",\"password\":\"123\",\"tel\":\"15823388497\",\"email\":\"lxy@163.com\",\"dept\":null,\"inputtime\":\"2018-12-09\",\"state\":true,\"admin\":true,\"online\":true,\"roles\":[]}]'),(2318,1,'2020-08-18 08:54:37','0:0:0:0:0:0:0:1','com.lxy.crm.service.impl.EmployeeServiceImpl:updateOnline','[{\"id\":1,\"username\":\"admin\",\"realname\":\"刘小余\",\"password\":\"123\",\"tel\":\"15823388497\",\"email\":\"lxy@163.com\",\"dept\":null,\"inputtime\":\"2018-12-09\",\"state\":true,\"admin\":true,\"online\":true,\"roles\":[]}]'),(2319,NULL,'2020-08-18 08:54:48','0:0:0:0:0:0:0:1','com.lxy.crm.service.impl.EmployeeServiceImpl:getEmployeeForLogin','[\"最后测试\",\"123\"]'),(2320,NULL,'2020-08-18 08:54:48','0:0:0:0:0:0:0:1','com.lxy.crm.service.impl.EmployeeServiceImpl:updateOnline','[{\"id\":13,\"username\":\"最后测试\",\"realname\":\"LiuXiaoYu\",\"password\":\"123\",\"tel\":\"110\",\"email\":\"498816810@qq.com\",\"dept\":null,\"inputtime\":\"2020-07-31\",\"state\":true,\"admin\":false,\"online\":false,\"roles\":[]}]'),(2321,13,'2020-08-18 08:54:48','0:0:0:0:0:0:0:1','com.lxy.crm.service.impl.PermissionServiceImpl:queryPermissionByEid','[13]'),(2322,13,'2020-08-18 08:54:48','0:0:0:0:0:0:0:1','com.lxy.crm.service.impl.MenuServiceImpl:queryForMenu','[]'),(2323,13,'2020-08-18 08:54:48','0:0:0:0:0:0:0:1','com.lxy.crm.service.impl.PermissionServiceImpl:selectAll','[]'),(2324,13,'2020-08-18 08:54:49','0:0:0:0:0:0:0:1','com.lxy.crm.service.impl.DepartmentServiceImpl:queryForEmp','[]'),(2325,13,'2020-08-18 08:54:49','0:0:0:0:0:0:0:1','com.lxy.crm.service.impl.RoleServiceImpl:queryForEmployeeRole','[]'),(2326,13,'2020-08-18 08:54:50','0:0:0:0:0:0:0:1','com.lxy.crm.service.impl.EmployeeServiceImpl:queryForPage','[{\"page\":1,\"rows\":10,\"keyword\":null,\"start\":0}]'),(2327,13,'2020-08-18 08:54:57','0:0:0:0:0:0:0:1','com.lxy.crm.service.impl.EmployeeServiceImpl:queryByEid','[12]'),(2328,13,'2020-08-18 08:54:57','0:0:0:0:0:0:0:1','com.lxy.crm.service.impl.EmployeeServiceImpl:queryByEid','[12]'),(2329,13,'2020-08-18 08:55:04','0:0:0:0:0:0:0:1','com.lxy.crm.service.impl.EmployeeServiceImpl:updateByPrimaryKey','[{\"id\":12,\"username\":\"excel\",\"realname\":\"Excel导出测试\",\"password\":null,\"tel\":\"1111111\",\"email\":\"498816810@qq.com\",\"dept\":{\"id\":3,\"sn\":null,\"name\":null,\"manager\":null,\"parent\":null,\"state\":null},\"inputtime\":\"2020-08-09\",\"state\":null,\"admin\":null,\"online\":null,\"roles\":[{\"id\":3,\"name\":null,\"sn\":null,\"permissions\":[]}]}]'),(2330,13,'2020-08-18 08:55:05','0:0:0:0:0:0:0:1','com.lxy.crm.service.impl.EmployeeServiceImpl:queryForPage','[{\"page\":1,\"rows\":10,\"keyword\":null,\"start\":0}]'),(2331,13,'2020-08-18 08:55:06','0:0:0:0:0:0:0:1','com.lxy.crm.service.impl.DepartmentServiceImpl:queryForPage','[{\"page\":1,\"rows\":10,\"keyword\":null,\"start\":0}]'),(2332,13,'2020-08-18 08:55:30','0:0:0:0:0:0:0:1','com.lxy.crm.service.impl.EmployeeServiceImpl:updateOnline','[{\"id\":13,\"username\":\"最后测试\",\"realname\":\"LiuXiaoYu\",\"password\":\"123\",\"tel\":\"110\",\"email\":\"498816810@qq.com\",\"dept\":null,\"inputtime\":\"2020-07-31\",\"state\":true,\"admin\":false,\"online\":true,\"roles\":[]}]'),(2333,NULL,'2020-08-18 08:55:33','0:0:0:0:0:0:0:1','com.lxy.crm.service.impl.EmployeeServiceImpl:getEmployeeForLogin','[\"admin\",\"123\"]'),(2334,NULL,'2020-08-18 08:55:33','0:0:0:0:0:0:0:1','com.lxy.crm.service.impl.EmployeeServiceImpl:updateOnline','[{\"id\":1,\"username\":\"admin\",\"realname\":\"刘小余\",\"password\":\"123\",\"tel\":\"15823388497\",\"email\":\"lxy@163.com\",\"dept\":null,\"inputtime\":\"2018-12-09\",\"state\":true,\"admin\":true,\"online\":false,\"roles\":[]}]'),(2335,1,'2020-08-18 08:55:33','0:0:0:0:0:0:0:1','com.lxy.crm.service.impl.PermissionServiceImpl:queryPermissionByEid','[1]'),(2336,1,'2020-08-18 08:55:33','0:0:0:0:0:0:0:1','com.lxy.crm.service.impl.MenuServiceImpl:queryForMenu','[]'),(2337,1,'2020-08-18 08:55:35','0:0:0:0:0:0:0:1','com.lxy.crm.service.impl.DepartmentServiceImpl:queryForEmp','[]'),(2338,1,'2020-08-18 08:55:35','0:0:0:0:0:0:0:1','com.lxy.crm.service.impl.RoleServiceImpl:queryForEmployeeRole','[]'),(2339,1,'2020-08-18 08:55:35','0:0:0:0:0:0:0:1','com.lxy.crm.service.impl.EmployeeServiceImpl:queryForPage','[{\"page\":1,\"rows\":10,\"keyword\":null,\"start\":0}]'),(2340,1,'2020-08-18 08:55:38','0:0:0:0:0:0:0:1','com.lxy.crm.service.impl.EmployeeServiceImpl:queryByEid','[12]'),(2341,1,'2020-08-18 08:55:38','0:0:0:0:0:0:0:1','com.lxy.crm.service.impl.EmployeeServiceImpl:queryByEid','[12]'),(2342,1,'2020-08-18 08:55:40','0:0:0:0:0:0:0:1','com.lxy.crm.service.impl.EmployeeServiceImpl:updateByPrimaryKey','[{\"id\":12,\"username\":\"excel\",\"realname\":\"Excel导出测试\",\"password\":null,\"tel\":\"1111111\",\"email\":\"498816810@qq.com\",\"dept\":{\"id\":3,\"sn\":null,\"name\":null,\"manager\":null,\"parent\":null,\"state\":null},\"inputtime\":\"2020-08-08\",\"state\":null,\"admin\":null,\"online\":null,\"roles\":[{\"id\":3,\"name\":null,\"sn\":null,\"permissions\":[]}]}]'),(2343,1,'2020-08-18 08:55:40','0:0:0:0:0:0:0:1','com.lxy.crm.service.impl.EmployeeServiceImpl:updateByPrimaryKey','[{\"id\":12,\"username\":\"excel\",\"realname\":\"Excel导出测试\",\"password\":null,\"tel\":\"1111111\",\"email\":\"498816810@qq.com\",\"dept\":{\"id\":3,\"sn\":null,\"name\":null,\"manager\":null,\"parent\":null,\"state\":null},\"inputtime\":\"2020-08-08\",\"state\":null,\"admin\":null,\"online\":null,\"roles\":[{\"id\":3,\"name\":null,\"sn\":null,\"permissions\":[]}]}]'),(2344,1,'2020-08-18 08:55:41','0:0:0:0:0:0:0:1','com.lxy.crm.service.impl.EmployeeServiceImpl:queryForPage','[{\"page\":1,\"rows\":10,\"keyword\":null,\"start\":0}]'),(2345,1,'2020-08-18 08:55:42','0:0:0:0:0:0:0:1','com.lxy.crm.service.impl.EmployeeServiceImpl:queryForPage','[{\"page\":1,\"rows\":10,\"keyword\":null,\"start\":0}]'),(2346,1,'2020-08-18 08:55:46','0:0:0:0:0:0:0:1','com.lxy.crm.service.impl.RoleServiceImpl:queryForPage','[{\"page\":1,\"rows\":10,\"keyword\":null,\"start\":0}]'),(2347,1,'2020-08-18 08:55:46','0:0:0:0:0:0:0:1','com.lxy.crm.service.impl.PermissionServiceImpl:queryForPage','[{\"page\":1,\"rows\":10,\"rid\":null,\"keyword\":null,\"start\":0}]'),(2348,1,'2020-08-18 08:55:48','0:0:0:0:0:0:0:1','com.lxy.crm.service.impl.PermissionServiceImpl:queryForPage','[{\"page\":1,\"rows\":10,\"rid\":3,\"keyword\":null,\"start\":0}]'),(2349,1,'2020-08-18 08:56:20','0:0:0:0:0:0:0:1','com.lxy.crm.service.impl.EmployeeServiceImpl:updateOnline','[{\"id\":1,\"username\":\"admin\",\"realname\":\"刘小余\",\"password\":\"123\",\"tel\":\"15823388497\",\"email\":\"lxy@163.com\",\"dept\":null,\"inputtime\":\"2018-12-09\",\"state\":true,\"admin\":true,\"online\":true,\"roles\":[]}]'),(2350,NULL,'2020-08-18 08:56:27','0:0:0:0:0:0:0:1','com.lxy.crm.service.impl.EmployeeServiceImpl:getEmployeeForLogin','[\"excel\",\"123\"]'),(2351,NULL,'2020-08-18 08:56:27','0:0:0:0:0:0:0:1','com.lxy.crm.service.impl.EmployeeServiceImpl:updateOnline','[{\"id\":12,\"username\":\"excel\",\"realname\":\"Excel导出测试\",\"password\":\"123\",\"tel\":\"1111111\",\"email\":\"498816810@qq.com\",\"dept\":null,\"inputtime\":\"2020-08-08\",\"state\":true,\"admin\":false,\"online\":false,\"roles\":[]}]'),(2352,12,'2020-08-18 08:56:27','0:0:0:0:0:0:0:1','com.lxy.crm.service.impl.PermissionServiceImpl:queryPermissionByEid','[12]'),(2353,12,'2020-08-18 08:56:27','0:0:0:0:0:0:0:1','com.lxy.crm.service.impl.MenuServiceImpl:queryForMenu','[]'),(2354,12,'2020-08-18 08:56:29','0:0:0:0:0:0:0:1','com.lxy.crm.service.impl.DepartmentServiceImpl:queryForEmp','[]'),(2355,12,'2020-08-18 08:56:29','0:0:0:0:0:0:0:1','com.lxy.crm.service.impl.RoleServiceImpl:queryForEmployeeRole','[]'),(2356,12,'2020-08-18 08:56:29','0:0:0:0:0:0:0:1','com.lxy.crm.service.impl.EmployeeServiceImpl:queryForPage','[{\"page\":1,\"rows\":10,\"keyword\":null,\"start\":0}]'),(2357,12,'2020-08-18 08:56:32','0:0:0:0:0:0:0:1','com.lxy.crm.service.impl.EmployeeServiceImpl:updateOnline','[{\"id\":12,\"username\":\"excel\",\"realname\":\"Excel导出测试\",\"password\":\"123\",\"tel\":\"1111111\",\"email\":\"498816810@qq.com\",\"dept\":null,\"inputtime\":\"2020-08-08\",\"state\":true,\"admin\":false,\"online\":true,\"roles\":[]}]'),(2358,NULL,'2020-08-18 08:56:38','0:0:0:0:0:0:0:1','com.lxy.crm.service.impl.EmployeeServiceImpl:getEmployeeForLogin','[\"vistor\",\"123\"]'),(2359,NULL,'2020-08-18 08:56:38','0:0:0:0:0:0:0:1','com.lxy.crm.service.impl.EmployeeServiceImpl:updateOnline','[{\"id\":11,\"username\":\"vistor\",\"realname\":\"游客\",\"password\":\"123\",\"tel\":\"888888\",\"email\":\"498816810@qq.com\",\"dept\":null,\"inputtime\":\"2020-08-10\",\"state\":true,\"admin\":false,\"online\":false,\"roles\":[]}]'),(2360,11,'2020-08-18 08:56:38','0:0:0:0:0:0:0:1','com.lxy.crm.service.impl.PermissionServiceImpl:queryPermissionByEid','[11]'),(2361,11,'2020-08-18 08:56:38','0:0:0:0:0:0:0:1','com.lxy.crm.service.impl.MenuServiceImpl:queryForMenu','[]'),(2362,11,'2020-08-18 08:56:40','0:0:0:0:0:0:0:1','com.lxy.crm.service.impl.DepartmentServiceImpl:queryForEmp','[]'),(2363,11,'2020-08-18 08:56:40','0:0:0:0:0:0:0:1','com.lxy.crm.service.impl.RoleServiceImpl:queryForEmployeeRole','[]'),(2364,11,'2020-08-18 08:56:40','0:0:0:0:0:0:0:1','com.lxy.crm.service.impl.EmployeeServiceImpl:queryForPage','[{\"page\":1,\"rows\":10,\"keyword\":null,\"start\":0}]'),(2365,11,'2020-08-18 08:56:49','0:0:0:0:0:0:0:1','com.lxy.crm.service.impl.EmployeeServiceImpl:queryByEid','[9]'),(2366,11,'2020-08-18 08:56:56','0:0:0:0:0:0:0:1','com.lxy.crm.service.impl.EmployeeServiceImpl:queryForPage','[{\"page\":1,\"rows\":10,\"keyword\":null,\"start\":0}]'),(2367,11,'2020-08-18 08:57:07','0:0:0:0:0:0:0:1','com.lxy.crm.service.impl.DepartmentServiceImpl:queryForEmp','[]'),(2368,11,'2020-08-18 08:57:07','0:0:0:0:0:0:0:1','com.lxy.crm.service.impl.RoleServiceImpl:queryForEmployeeRole','[]'),(2369,11,'2020-08-18 08:57:07','0:0:0:0:0:0:0:1','com.lxy.crm.service.impl.EmployeeServiceImpl:queryForPage','[{\"page\":1,\"rows\":10,\"keyword\":null,\"start\":0}]'),(2370,11,'2020-08-18 08:57:40','0:0:0:0:0:0:0:1','com.lxy.crm.service.impl.EmployeeServiceImpl:updateOnline','[{\"id\":11,\"username\":\"vistor\",\"realname\":\"游客\",\"password\":\"123\",\"tel\":\"888888\",\"email\":\"498816810@qq.com\",\"dept\":null,\"inputtime\":\"2020-08-10\",\"state\":true,\"admin\":false,\"online\":true,\"roles\":[]}]'),(2371,NULL,'2020-08-18 08:57:45','0:0:0:0:0:0:0:1','com.lxy.crm.service.impl.EmployeeServiceImpl:getEmployeeForLogin','[\"admin\",\"123\"]'),(2372,NULL,'2020-08-18 08:57:45','0:0:0:0:0:0:0:1','com.lxy.crm.service.impl.EmployeeServiceImpl:updateOnline','[{\"id\":1,\"username\":\"admin\",\"realname\":\"刘小余\",\"password\":\"123\",\"tel\":\"15823388497\",\"email\":\"lxy@163.com\",\"dept\":null,\"inputtime\":\"2018-12-09\",\"state\":true,\"admin\":true,\"online\":false,\"roles\":[]}]'),(2373,1,'2020-08-18 08:57:45','0:0:0:0:0:0:0:1','com.lxy.crm.service.impl.PermissionServiceImpl:queryPermissionByEid','[1]'),(2374,1,'2020-08-18 08:57:45','0:0:0:0:0:0:0:1','com.lxy.crm.service.impl.MenuServiceImpl:queryForMenu','[]'),(2375,1,'2020-08-18 08:57:47','0:0:0:0:0:0:0:1','com.lxy.crm.service.impl.DepartmentServiceImpl:queryForEmp','[]'),(2376,1,'2020-08-18 08:57:47','0:0:0:0:0:0:0:1','com.lxy.crm.service.impl.RoleServiceImpl:queryForEmployeeRole','[]'),(2377,1,'2020-08-18 08:57:47','0:0:0:0:0:0:0:1','com.lxy.crm.service.impl.EmployeeServiceImpl:queryForPage','[{\"page\":1,\"rows\":10,\"keyword\":null,\"start\":0}]'),(2378,1,'2020-08-18 08:57:51','0:0:0:0:0:0:0:1','com.lxy.crm.service.impl.DepartmentServiceImpl:queryForEmp','[]'),(2379,1,'2020-08-18 08:57:51','0:0:0:0:0:0:0:1','com.lxy.crm.service.impl.RoleServiceImpl:queryForEmployeeRole','[]'),(2380,1,'2020-08-18 08:57:51','0:0:0:0:0:0:0:1','com.lxy.crm.service.impl.EmployeeServiceImpl:queryForPage','[{\"page\":1,\"rows\":10,\"keyword\":null,\"start\":0}]'),(2381,1,'2020-08-18 08:58:45','0:0:0:0:0:0:0:1','com.lxy.crm.service.impl.DepartmentServiceImpl:queryForEmp','[]'),(2382,1,'2020-08-18 08:58:45','0:0:0:0:0:0:0:1','com.lxy.crm.service.impl.RoleServiceImpl:queryForEmployeeRole','[]'),(2383,1,'2020-08-18 08:58:45','0:0:0:0:0:0:0:1','com.lxy.crm.service.impl.EmployeeServiceImpl:queryForPage','[{\"page\":1,\"rows\":10,\"keyword\":null,\"start\":0}]'),(2384,1,'2020-08-18 08:59:08','0:0:0:0:0:0:0:1','com.lxy.crm.service.impl.EmployeeServiceImpl:queryForPage','[{\"page\":1,\"rows\":20,\"keyword\":null,\"start\":0}]'),(2385,1,'2020-08-18 08:59:16','0:0:0:0:0:0:0:1','com.lxy.crm.service.impl.EmployeeServiceImpl:queryByEid','[13]'),(2386,1,'2020-08-18 08:59:30','0:0:0:0:0:0:0:1','com.lxy.crm.service.impl.EmployeeServiceImpl:updateByPrimaryKey','[{\"id\":13,\"username\":\"最后测试\",\"realname\":\"LiuXiaoYu\",\"password\":null,\"tel\":\"110\",\"email\":\"498816810@qq.com\",\"dept\":{\"id\":2,\"sn\":null,\"name\":null,\"manager\":null,\"parent\":null,\"state\":null},\"inputtime\":\"2020-07-30\",\"state\":null,\"admin\":null,\"online\":null,\"roles\":[{\"id\":3,\"name\":null,\"sn\":null,\"permissions\":[]}]}]'),(2387,1,'2020-08-18 08:59:30','0:0:0:0:0:0:0:1','com.lxy.crm.service.impl.EmployeeServiceImpl:queryForPage','[{\"page\":1,\"rows\":20,\"keyword\":null,\"start\":0}]'),(2388,1,'2020-08-18 08:59:35','0:0:0:0:0:0:0:1','com.lxy.crm.service.impl.EmployeeServiceImpl:queryByEid','[13]'),(2389,1,'2020-08-18 08:59:38','0:0:0:0:0:0:0:1','com.lxy.crm.service.impl.RoleServiceImpl:queryForPage','[{\"page\":1,\"rows\":10,\"keyword\":null,\"start\":0}]'),(2390,1,'2020-08-18 08:59:38','0:0:0:0:0:0:0:1','com.lxy.crm.service.impl.PermissionServiceImpl:queryForPage','[{\"page\":1,\"rows\":10,\"rid\":null,\"keyword\":null,\"start\":0}]'),(2391,1,'2020-08-18 09:01:54','0:0:0:0:0:0:0:1','com.lxy.crm.service.impl.RoleServiceImpl:insert','[{\"id\":4,\"name\":\"最后测试管理员\",\"sn\":\"004\",\"permissions\":[{\"id\":13,\"name\":null,\"resource\":null},{\"id\":14,\"name\":null,\"resource\":null},{\"id\":15,\"name\":null,\"resource\":null},{\"id\":12,\"name\":null,\"resource\":null}]}]'),(2392,1,'2020-08-18 09:01:54','0:0:0:0:0:0:0:1','com.lxy.crm.service.impl.RoleServiceImpl:insert','[{\"id\":5,\"name\":\"最后测试管理员\",\"sn\":\"004\",\"permissions\":[{\"id\":13,\"name\":null,\"resource\":null},{\"id\":14,\"name\":null,\"resource\":null},{\"id\":15,\"name\":null,\"resource\":null},{\"id\":12,\"name\":null,\"resource\":null}]}]'),(2393,1,'2020-08-18 09:01:55','0:0:0:0:0:0:0:1','com.lxy.crm.service.impl.RoleServiceImpl:queryForPage','[{\"page\":1,\"rows\":10,\"keyword\":null,\"start\":0}]'),(2394,1,'2020-08-18 09:01:56','0:0:0:0:0:0:0:1','com.lxy.crm.service.impl.RoleServiceImpl:queryForPage','[{\"page\":1,\"rows\":10,\"keyword\":null,\"start\":0}]'),(2395,1,'2020-08-18 09:02:00','0:0:0:0:0:0:0:1','com.lxy.crm.service.impl.RoleServiceImpl:deleteByPrimaryKey','[4]'),(2396,1,'2020-08-18 09:02:00','0:0:0:0:0:0:0:1','com.lxy.crm.service.impl.RoleServiceImpl:queryForPage','[{\"page\":1,\"rows\":10,\"keyword\":null,\"start\":0}]'),(2397,1,'2020-08-18 09:02:07','0:0:0:0:0:0:0:1','com.lxy.crm.service.impl.PermissionServiceImpl:queryForPage','[{\"page\":1,\"rows\":10,\"rid\":5,\"keyword\":null,\"start\":0}]'),(2398,1,'2020-08-18 09:02:07','0:0:0:0:0:0:0:1','com.lxy.crm.service.impl.PermissionServiceImpl:queryForPage','[{\"page\":1,\"rows\":10,\"rid\":5,\"keyword\":null,\"start\":0}]'),(2399,1,'2020-08-18 09:02:17','0:0:0:0:0:0:0:1','com.lxy.crm.service.impl.EmployeeServiceImpl:queryByEid','[13]'),(2400,1,'2020-08-18 09:02:20','0:0:0:0:0:0:0:1','com.lxy.crm.service.impl.EmployeeServiceImpl:queryForPage','[{\"page\":1,\"rows\":20,\"keyword\":null,\"start\":0}]'),(2401,1,'2020-08-18 09:02:29','0:0:0:0:0:0:0:1','com.lxy.crm.service.impl.DepartmentServiceImpl:queryForEmp','[]'),(2402,1,'2020-08-18 09:02:29','0:0:0:0:0:0:0:1','com.lxy.crm.service.impl.RoleServiceImpl:queryForEmployeeRole','[]'),(2403,1,'2020-08-18 09:02:29','0:0:0:0:0:0:0:1','com.lxy.crm.service.impl.EmployeeServiceImpl:queryForPage','[{\"page\":1,\"rows\":10,\"keyword\":null,\"start\":0}]'),(2404,1,'2020-08-18 09:02:31','0:0:0:0:0:0:0:1','com.lxy.crm.service.impl.EmployeeServiceImpl:queryByEid','[12]'),(2405,1,'2020-08-18 09:02:36','0:0:0:0:0:0:0:1','com.lxy.crm.service.impl.EmployeeServiceImpl:updateByPrimaryKey','[{\"id\":12,\"username\":\"excel\",\"realname\":\"Excel导出测试\",\"password\":null,\"tel\":\"1111111\",\"email\":\"498816810@qq.com\",\"dept\":{\"id\":3,\"sn\":null,\"name\":null,\"manager\":null,\"parent\":null,\"state\":null},\"inputtime\":\"2020-08-07\",\"state\":null,\"admin\":null,\"online\":null,\"roles\":[{\"id\":5,\"name\":null,\"sn\":null,\"permissions\":[]}]}]'),(2406,1,'2020-08-18 09:02:36','0:0:0:0:0:0:0:1','com.lxy.crm.service.impl.EmployeeServiceImpl:updateByPrimaryKey','[{\"id\":12,\"username\":\"excel\",\"realname\":\"Excel导出测试\",\"password\":null,\"tel\":\"1111111\",\"email\":\"498816810@qq.com\",\"dept\":{\"id\":3,\"sn\":null,\"name\":null,\"manager\":null,\"parent\":null,\"state\":null},\"inputtime\":\"2020-08-07\",\"state\":null,\"admin\":null,\"online\":null,\"roles\":[{\"id\":5,\"name\":null,\"sn\":null,\"permissions\":[]}]}]'),(2407,1,'2020-08-18 09:02:37','0:0:0:0:0:0:0:1','com.lxy.crm.service.impl.EmployeeServiceImpl:queryForPage','[{\"page\":1,\"rows\":10,\"keyword\":null,\"start\":0}]'),(2408,1,'2020-08-18 09:02:38','0:0:0:0:0:0:0:1','com.lxy.crm.service.impl.EmployeeServiceImpl:queryForPage','[{\"page\":1,\"rows\":10,\"keyword\":null,\"start\":0}]'),(2409,1,'2020-08-18 09:02:40','0:0:0:0:0:0:0:1','com.lxy.crm.service.impl.EmployeeServiceImpl:queryByEid','[12]'),(2410,1,'2020-08-18 09:02:40','0:0:0:0:0:0:0:1','com.lxy.crm.service.impl.EmployeeServiceImpl:queryByEid','[12]'),(2411,1,'2020-08-18 09:02:42','0:0:0:0:0:0:0:1','com.lxy.crm.service.impl.EmployeeServiceImpl:queryForPage','[{\"page\":1,\"rows\":10,\"keyword\":null,\"start\":0}]'),(2412,1,'2020-08-18 09:02:44','0:0:0:0:0:0:0:1','com.lxy.crm.service.impl.EmployeeServiceImpl:queryByEid','[12]'),(2413,1,'2020-08-18 09:02:44','0:0:0:0:0:0:0:1','com.lxy.crm.service.impl.EmployeeServiceImpl:queryByEid','[12]'),(2414,1,'2020-08-18 09:02:57','0:0:0:0:0:0:0:1','com.lxy.crm.service.impl.EmployeeServiceImpl:queryByEid','[11]'),(2415,1,'2020-08-18 09:02:57','0:0:0:0:0:0:0:1','com.lxy.crm.service.impl.EmployeeServiceImpl:queryByEid','[11]'),(2416,1,'2020-08-18 09:03:00','0:0:0:0:0:0:0:1','com.lxy.crm.service.impl.EmployeeServiceImpl:queryByEid','[12]'),(2417,1,'2020-08-18 09:03:00','0:0:0:0:0:0:0:1','com.lxy.crm.service.impl.EmployeeServiceImpl:queryByEid','[12]'),(2418,1,'2020-08-18 09:03:04','0:0:0:0:0:0:0:1','com.lxy.crm.service.impl.EmployeeServiceImpl:updateOnline','[{\"id\":1,\"username\":\"admin\",\"realname\":\"刘小余\",\"password\":\"123\",\"tel\":\"15823388497\",\"email\":\"lxy@163.com\",\"dept\":null,\"inputtime\":\"2018-12-09\",\"state\":true,\"admin\":true,\"online\":true,\"roles\":[]}]'),(2419,NULL,'2020-08-18 09:03:09','0:0:0:0:0:0:0:1','com.lxy.crm.service.impl.EmployeeServiceImpl:getEmployeeForLogin','[\"excel\",\"123\"]'),(2420,NULL,'2020-08-18 09:03:09','0:0:0:0:0:0:0:1','com.lxy.crm.service.impl.EmployeeServiceImpl:updateOnline','[{\"id\":12,\"username\":\"excel\",\"realname\":\"Excel导出测试\",\"password\":\"123\",\"tel\":\"1111111\",\"email\":\"498816810@qq.com\",\"dept\":null,\"inputtime\":\"2020-08-07\",\"state\":true,\"admin\":false,\"online\":false,\"roles\":[]}]'),(2421,12,'2020-08-18 09:03:09','0:0:0:0:0:0:0:1','com.lxy.crm.service.impl.PermissionServiceImpl:queryPermissionByEid','[12]'),(2422,12,'2020-08-18 09:03:09','0:0:0:0:0:0:0:1','com.lxy.crm.service.impl.MenuServiceImpl:queryForMenu','[]'),(2423,12,'2020-08-18 09:03:11','0:0:0:0:0:0:0:1','com.lxy.crm.service.impl.DepartmentServiceImpl:queryForEmp','[]'),(2424,12,'2020-08-18 09:03:11','0:0:0:0:0:0:0:1','com.lxy.crm.service.impl.RoleServiceImpl:queryForEmployeeRole','[]'),(2425,12,'2020-08-18 09:03:12','0:0:0:0:0:0:0:1','com.lxy.crm.service.impl.RoleServiceImpl:queryForPage','[{\"page\":1,\"rows\":10,\"keyword\":null,\"start\":0}]'),(2426,12,'2020-08-18 09:03:12','0:0:0:0:0:0:0:1','com.lxy.crm.service.impl.PermissionServiceImpl:queryForPage','[{\"page\":1,\"rows\":10,\"rid\":null,\"keyword\":null,\"start\":0}]'),(2427,12,'2020-08-18 09:03:13','0:0:0:0:0:0:0:1','com.lxy.crm.service.impl.DepartmentServiceImpl:queryForPage','[{\"page\":1,\"rows\":10,\"keyword\":null,\"start\":0}]'),(2428,12,'2020-08-18 09:03:14','0:0:0:0:0:0:0:1','com.lxy.crm.service.impl.PermissionServiceImpl:queryForPage','[{\"page\":1,\"rows\":10,\"rid\":null,\"keyword\":null,\"start\":0}]'),(2429,12,'2020-08-18 09:03:28','0:0:0:0:0:0:0:1','com.lxy.crm.service.impl.DepartmentServiceImpl:queryForPage','[{\"page\":1,\"rows\":10,\"keyword\":null,\"start\":0}]'),(2430,12,'2020-08-18 09:03:31','0:0:0:0:0:0:0:1','com.lxy.crm.service.impl.DepartmentServiceImpl:queryForEmp','[]'),(2431,12,'2020-08-18 09:03:31','0:0:0:0:0:0:0:1','com.lxy.crm.service.impl.RoleServiceImpl:queryForEmployeeRole','[]'),(2432,12,'2020-08-18 09:03:32','0:0:0:0:0:0:0:1','com.lxy.crm.service.impl.RoleServiceImpl:queryForPage','[{\"page\":1,\"rows\":10,\"keyword\":null,\"start\":0}]'),(2433,12,'2020-08-18 09:03:32','0:0:0:0:0:0:0:1','com.lxy.crm.service.impl.PermissionServiceImpl:queryForPage','[{\"page\":1,\"rows\":10,\"rid\":null,\"keyword\":null,\"start\":0}]'),(2434,12,'2020-08-18 09:03:39','0:0:0:0:0:0:0:1','com.lxy.crm.service.impl.EmployeeServiceImpl:updateOnline','[{\"id\":12,\"username\":\"excel\",\"realname\":\"Excel导出测试\",\"password\":\"123\",\"tel\":\"1111111\",\"email\":\"498816810@qq.com\",\"dept\":null,\"inputtime\":\"2020-08-07\",\"state\":true,\"admin\":false,\"online\":true,\"roles\":[]}]'),(2435,NULL,'2020-08-18 09:03:46','0:0:0:0:0:0:0:1','com.lxy.crm.service.impl.EmployeeServiceImpl:getEmployeeForLogin','[\"admin\",\"123\"]'),(2436,NULL,'2020-08-18 09:03:46','0:0:0:0:0:0:0:1','com.lxy.crm.service.impl.EmployeeServiceImpl:updateOnline','[{\"id\":1,\"username\":\"admin\",\"realname\":\"刘小余\",\"password\":\"123\",\"tel\":\"15823388497\",\"email\":\"lxy@163.com\",\"dept\":null,\"inputtime\":\"2018-12-09\",\"state\":true,\"admin\":true,\"online\":false,\"roles\":[]}]'),(2437,1,'2020-08-18 09:03:46','0:0:0:0:0:0:0:1','com.lxy.crm.service.impl.PermissionServiceImpl:queryPermissionByEid','[1]'),(2438,1,'2020-08-18 09:03:46','0:0:0:0:0:0:0:1','com.lxy.crm.service.impl.MenuServiceImpl:queryForMenu','[]'),(2439,1,'2020-08-18 09:03:48','0:0:0:0:0:0:0:1','com.lxy.crm.service.impl.DepartmentServiceImpl:queryForEmp','[]'),(2440,1,'2020-08-18 09:03:48','0:0:0:0:0:0:0:1','com.lxy.crm.service.impl.RoleServiceImpl:queryForEmployeeRole','[]'),(2441,1,'2020-08-18 09:03:48','0:0:0:0:0:0:0:1','com.lxy.crm.service.impl.EmployeeServiceImpl:queryForPage','[{\"page\":1,\"rows\":10,\"keyword\":null,\"start\":0}]'),(2442,1,'2020-08-18 09:03:49','0:0:0:0:0:0:0:1','com.lxy.crm.service.impl.EmployeeServiceImpl:queryByEid','[12]'),(2443,1,'2020-08-18 09:03:58','0:0:0:0:0:0:0:1','com.lxy.crm.service.impl.EmployeeServiceImpl:updateByPrimaryKey','[{\"id\":12,\"username\":\"excel\",\"realname\":\"Excel导出测试\",\"password\":null,\"tel\":\"1111111\",\"email\":\"498816810@qq.com\",\"dept\":{\"id\":3,\"sn\":null,\"name\":null,\"manager\":null,\"parent\":null,\"state\":null},\"inputtime\":\"2020-08-06\",\"state\":null,\"admin\":null,\"online\":null,\"roles\":[{\"id\":1,\"name\":null,\"sn\":null,\"permissions\":[]}]}]'),(2444,1,'2020-08-18 09:03:59','0:0:0:0:0:0:0:1','com.lxy.crm.service.impl.EmployeeServiceImpl:queryForPage','[{\"page\":1,\"rows\":10,\"keyword\":null,\"start\":0}]'),(2445,1,'2020-08-18 09:04:01','0:0:0:0:0:0:0:1','com.lxy.crm.service.impl.RoleServiceImpl:queryForPage','[{\"page\":1,\"rows\":10,\"keyword\":null,\"start\":0}]'),(2446,1,'2020-08-18 09:04:01','0:0:0:0:0:0:0:1','com.lxy.crm.service.impl.PermissionServiceImpl:queryForPage','[{\"page\":1,\"rows\":10,\"rid\":null,\"keyword\":null,\"start\":0}]'),(2447,1,'2020-08-18 09:04:04','0:0:0:0:0:0:0:1','com.lxy.crm.service.impl.RoleServiceImpl:deleteByPrimaryKey','[5]'),(2448,1,'2020-08-18 09:04:04','0:0:0:0:0:0:0:1','com.lxy.crm.service.impl.RoleServiceImpl:queryForPage','[{\"page\":1,\"rows\":10,\"keyword\":null,\"start\":0}]'),(2450,1,'2020-08-18 09:04:11','0:0:0:0:0:0:0:1','com.lxy.crm.service.impl.PermissionServiceImpl:queryForPage','[{\"page\":1,\"rows\":10,\"rid\":2,\"keyword\":null,\"start\":0}]'),(2451,1,'2020-08-18 09:04:11','0:0:0:0:0:0:0:1','com.lxy.crm.service.impl.PermissionServiceImpl:queryForPage','[{\"page\":1,\"rows\":10,\"rid\":2,\"keyword\":null,\"start\":0}]'),(2452,1,'2020-08-18 09:04:47','0:0:0:0:0:0:0:1','com.lxy.crm.service.impl.PermissionServiceImpl:queryForPage','[{\"page\":1,\"rows\":10,\"rid\":1,\"keyword\":null,\"start\":0}]'),(2453,1,'2020-08-18 09:04:52','0:0:0:0:0:0:0:1','com.lxy.crm.service.impl.RoleServiceImpl:updateByPrimaryKey','[{\"id\":1,\"name\":\"普通管理\",\"sn\":\"001\",\"permissions\":[{\"id\":1,\"name\":null,\"resource\":null},{\"id\":2,\"name\":null,\"resource\":null},{\"id\":3,\"name\":null,\"resource\":null},{\"id\":11,\"name\":null,\"resource\":null},{\"id\":12,\"name\":null,\"resource\":null},{\"id\":13,\"name\":null,\"resource\":null}]}]'),(2454,1,'2020-08-18 09:04:52','0:0:0:0:0:0:0:1','com.lxy.crm.service.impl.RoleServiceImpl:updateByPrimaryKey','[{\"id\":1,\"name\":\"普通管理\",\"sn\":\"001\",\"permissions\":[{\"id\":1,\"name\":null,\"resource\":null},{\"id\":2,\"name\":null,\"resource\":null},{\"id\":3,\"name\":null,\"resource\":null},{\"id\":11,\"name\":null,\"resource\":null},{\"id\":12,\"name\":null,\"resource\":null},{\"id\":13,\"name\":null,\"resource\":null}]}]'),(2455,1,'2020-08-18 09:04:53','0:0:0:0:0:0:0:1','com.lxy.crm.service.impl.RoleServiceImpl:queryForPage','[{\"page\":1,\"rows\":10,\"keyword\":null,\"start\":0}]'),(2456,1,'2020-08-18 09:04:53','0:0:0:0:0:0:0:1','com.lxy.crm.service.impl.RoleServiceImpl:queryForPage','[{\"page\":1,\"rows\":10,\"keyword\":null,\"start\":0}]'),(2457,1,'2020-08-18 09:04:59','0:0:0:0:0:0:0:1','com.lxy.crm.service.impl.EmployeeServiceImpl:queryByEid','[12]'),(2458,1,'2020-08-18 09:05:04','0:0:0:0:0:0:0:1','com.lxy.crm.service.impl.EmployeeServiceImpl:queryForPage','[{\"page\":1,\"rows\":10,\"keyword\":null,\"start\":0}]'),(2459,1,'2020-08-18 09:05:06','0:0:0:0:0:0:0:1','com.lxy.crm.service.impl.EmployeeServiceImpl:queryByEid','[12]'),(2460,1,'2020-08-18 09:05:16','0:0:0:0:0:0:0:1','com.lxy.crm.service.impl.RoleServiceImpl:queryForPage','[{\"page\":1,\"rows\":10,\"keyword\":null,\"start\":0}]'),(2461,1,'2020-08-18 09:05:16','0:0:0:0:0:0:0:1','com.lxy.crm.service.impl.PermissionServiceImpl:queryForPage','[{\"page\":1,\"rows\":10,\"rid\":null,\"keyword\":null,\"start\":0}]'),(2462,1,'2020-08-18 09:05:18','0:0:0:0:0:0:0:1','com.lxy.crm.service.impl.DepartmentServiceImpl:queryForEmp','[]'),(2463,1,'2020-08-18 09:05:19','0:0:0:0:0:0:0:1','com.lxy.crm.service.impl.RoleServiceImpl:queryForEmployeeRole','[]'),(2464,1,'2020-08-18 09:05:19','0:0:0:0:0:0:0:1','com.lxy.crm.service.impl.EmployeeServiceImpl:queryForPage','[{\"page\":1,\"rows\":10,\"keyword\":null,\"start\":0}]'),(2465,1,'2020-08-18 09:05:22','0:0:0:0:0:0:0:1','com.lxy.crm.service.impl.EmployeeServiceImpl:queryByEid','[9]'),(2466,1,'2020-08-18 09:05:22','0:0:0:0:0:0:0:1','com.lxy.crm.service.impl.EmployeeServiceImpl:queryByEid','[9]'),(2467,1,'2020-08-18 09:05:32','0:0:0:0:0:0:0:1','com.lxy.crm.service.impl.PermissionServiceImpl:queryForPage','[{\"page\":1,\"rows\":10,\"rid\":1,\"keyword\":null,\"start\":0}]'),(2468,1,'2020-08-18 09:05:36','0:0:0:0:0:0:0:1','com.lxy.crm.service.impl.RoleServiceImpl:updateByPrimaryKey','[{\"id\":1,\"name\":\"普通管理员\",\"sn\":\"001\",\"permissions\":[{\"id\":1,\"name\":null,\"resource\":null},{\"id\":2,\"name\":null,\"resource\":null},{\"id\":3,\"name\":null,\"resource\":null},{\"id\":11,\"name\":null,\"resource\":null},{\"id\":12,\"name\":null,\"resource\":null},{\"id\":13,\"name\":null,\"resource\":null}]}]'),(2469,1,'2020-08-18 09:05:36','0:0:0:0:0:0:0:1','com.lxy.crm.service.impl.RoleServiceImpl:updateByPrimaryKey','[{\"id\":1,\"name\":\"普通管理员\",\"sn\":\"001\",\"permissions\":[{\"id\":1,\"name\":null,\"resource\":null},{\"id\":2,\"name\":null,\"resource\":null},{\"id\":3,\"name\":null,\"resource\":null},{\"id\":11,\"name\":null,\"resource\":null},{\"id\":12,\"name\":null,\"resource\":null},{\"id\":13,\"name\":null,\"resource\":null}]}]'),(2470,1,'2020-08-18 09:05:37','0:0:0:0:0:0:0:1','com.lxy.crm.service.impl.RoleServiceImpl:queryForPage','[{\"page\":1,\"rows\":10,\"keyword\":null,\"start\":0}]'),(2471,1,'2020-08-18 09:05:38','0:0:0:0:0:0:0:1','com.lxy.crm.service.impl.RoleServiceImpl:queryForPage','[{\"page\":1,\"rows\":10,\"keyword\":null,\"start\":0}]'),(2472,1,'2020-08-18 09:05:43','0:0:0:0:0:0:0:1','com.lxy.crm.service.impl.EmployeeServiceImpl:queryForPage','[{\"page\":1,\"rows\":10,\"keyword\":null,\"start\":0}]'),(2473,1,'2020-08-18 09:05:44','0:0:0:0:0:0:0:1','com.lxy.crm.service.impl.EmployeeServiceImpl:queryForPage','[{\"page\":1,\"rows\":10,\"keyword\":null,\"start\":0}]'),(2474,1,'2020-08-18 09:05:45','0:0:0:0:0:0:0:1','com.lxy.crm.service.impl.EmployeeServiceImpl:queryForPage','[{\"page\":1,\"rows\":10,\"keyword\":null,\"start\":0}]'),(2475,1,'2020-08-18 09:05:50','0:0:0:0:0:0:0:1','com.lxy.crm.service.impl.EmployeeServiceImpl:queryByEid','[12]'),(2476,1,'2020-08-18 09:05:50','0:0:0:0:0:0:0:1','com.lxy.crm.service.impl.EmployeeServiceImpl:queryByEid','[12]'),(2477,1,'2020-08-18 09:05:54','0:0:0:0:0:0:0:1','com.lxy.crm.service.impl.RoleServiceImpl:queryForPage','[{\"page\":1,\"rows\":10,\"keyword\":null,\"start\":0}]'),(2478,1,'2020-08-18 09:05:54','0:0:0:0:0:0:0:1','com.lxy.crm.service.impl.PermissionServiceImpl:queryForPage','[{\"page\":1,\"rows\":10,\"rid\":null,\"keyword\":null,\"start\":0}]'),(2479,1,'2020-08-18 09:05:54','0:0:0:0:0:0:0:1','com.lxy.crm.service.impl.PermissionServiceImpl:queryForPage','[{\"page\":1,\"rows\":10,\"rid\":null,\"keyword\":null,\"start\":0}]'),(2480,1,'2020-08-18 09:05:56','0:0:0:0:0:0:0:1','com.lxy.crm.service.impl.DepartmentServiceImpl:queryForPage','[{\"page\":1,\"rows\":10,\"keyword\":null,\"start\":0}]'),(2481,1,'2020-08-18 09:05:57','0:0:0:0:0:0:0:1','com.lxy.crm.service.impl.DepartmentServiceImpl:queryForEmp','[]'),(2482,1,'2020-08-18 09:05:57','0:0:0:0:0:0:0:1','com.lxy.crm.service.impl.RoleServiceImpl:queryForEmployeeRole','[]'),(2483,1,'2020-08-18 09:05:57','0:0:0:0:0:0:0:1','com.lxy.crm.service.impl.EmployeeServiceImpl:queryForPage','[{\"page\":1,\"rows\":10,\"keyword\":null,\"start\":0}]'),(2484,1,'2020-08-18 09:06:05','0:0:0:0:0:0:0:1','com.lxy.crm.service.impl.EmployeeServiceImpl:queryByEid','[12]'),(2485,1,'2020-08-18 09:06:12','0:0:0:0:0:0:0:1','com.lxy.crm.service.impl.EmployeeServiceImpl:queryForPage','[{\"page\":1,\"rows\":20,\"keyword\":null,\"start\":0}]'),(2486,1,'2020-08-18 09:06:46','0:0:0:0:0:0:0:1','com.lxy.crm.service.impl.EmployeeServiceImpl:selectAllForExcel','[]'),(2487,1,'2020-08-18 09:07:26','0:0:0:0:0:0:0:1','com.lxy.crm.service.impl.EmployeeServiceImpl:updateOnline','[{\"id\":1,\"username\":\"admin\",\"realname\":\"刘小余\",\"password\":\"123\",\"tel\":\"15823388497\",\"email\":\"lxy@163.com\",\"dept\":null,\"inputtime\":\"2018-12-09\",\"state\":true,\"admin\":true,\"online\":true,\"roles\":[]}]'),(2488,NULL,'2020-08-18 09:07:32','0:0:0:0:0:0:0:1','com.lxy.crm.service.impl.EmployeeServiceImpl:getEmployeeForLogin','[\"admin\",\"123\"]'),(2489,NULL,'2020-08-18 09:07:32','0:0:0:0:0:0:0:1','com.lxy.crm.service.impl.EmployeeServiceImpl:updateOnline','[{\"id\":1,\"username\":\"admin\",\"realname\":\"刘小余\",\"password\":\"123\",\"tel\":\"15823388497\",\"email\":\"lxy@163.com\",\"dept\":null,\"inputtime\":\"2018-12-09\",\"state\":true,\"admin\":true,\"online\":false,\"roles\":[]}]'),(2490,1,'2020-08-18 09:07:32','0:0:0:0:0:0:0:1','com.lxy.crm.service.impl.PermissionServiceImpl:queryPermissionByEid','[1]'),(2491,1,'2020-08-18 09:07:32','0:0:0:0:0:0:0:1','com.lxy.crm.service.impl.MenuServiceImpl:queryForMenu','[]'),(2492,1,'2020-08-18 09:07:33','0:0:0:0:0:0:0:1','com.lxy.crm.service.impl.DepartmentServiceImpl:queryForEmp','[]'),(2493,1,'2020-08-18 09:07:33','0:0:0:0:0:0:0:1','com.lxy.crm.service.impl.RoleServiceImpl:queryForEmployeeRole','[]'),(2494,1,'2020-08-18 09:07:34','0:0:0:0:0:0:0:1','com.lxy.crm.service.impl.EmployeeServiceImpl:queryForPage','[{\"page\":1,\"rows\":10,\"keyword\":null,\"start\":0}]'),(2495,1,'2020-08-18 09:07:37','0:0:0:0:0:0:0:1','com.lxy.crm.service.impl.EmployeeServiceImpl:queryForPage','[{\"page\":1,\"rows\":10,\"keyword\":\"音乐播放器\",\"start\":0}]'),(2496,1,'2020-08-18 09:07:42','0:0:0:0:0:0:0:1','com.lxy.crm.service.impl.EmployeeServiceImpl:queryForPage','[{\"page\":1,\"rows\":10,\"keyword\":\"yyy\",\"start\":0}]'),(2497,1,'2020-08-18 09:07:55','0:0:0:0:0:0:0:1','com.lxy.crm.service.impl.DepartmentServiceImpl:queryForPage','[{\"page\":1,\"rows\":10,\"keyword\":null,\"start\":0}]'),(2498,1,'2020-08-18 09:08:12','0:0:0:0:0:0:0:1','com.lxy.crm.service.impl.RoleServiceImpl:queryForPage','[{\"page\":1,\"rows\":10,\"keyword\":null,\"start\":0}]'),(2499,1,'2020-08-18 09:08:12','0:0:0:0:0:0:0:1','com.lxy.crm.service.impl.PermissionServiceImpl:queryForPage','[{\"page\":1,\"rows\":10,\"rid\":null,\"keyword\":null,\"start\":0}]'),(2500,1,'2020-08-18 09:08:16','0:0:0:0:0:0:0:1','com.lxy.crm.service.impl.EmployeeServiceImpl:queryForPage','[{\"page\":1,\"rows\":10,\"keyword\":\"\",\"start\":0}]'),(2501,1,'2020-08-18 09:08:31','0:0:0:0:0:0:0:1','com.lxy.crm.service.impl.EmployeeServiceImpl:queryByEid','[12]'),(2502,1,'2020-08-18 09:08:34','0:0:0:0:0:0:0:1','com.lxy.crm.service.impl.EmployeeServiceImpl:updateByPrimaryKey','[{\"id\":12,\"username\":\"excel\",\"realname\":\"Excel导出测试\",\"password\":null,\"tel\":\"1111111\",\"email\":\"498816810@qq.com\",\"dept\":{\"id\":4,\"sn\":null,\"name\":null,\"manager\":null,\"parent\":null,\"state\":null},\"inputtime\":\"2020-08-05\",\"state\":null,\"admin\":null,\"online\":null,\"roles\":[{\"id\":1,\"name\":null,\"sn\":null,\"permissions\":[]}]}]'),(2503,1,'2020-08-18 09:08:35','0:0:0:0:0:0:0:1','com.lxy.crm.service.impl.EmployeeServiceImpl:queryForPage','[{\"page\":1,\"rows\":10,\"keyword\":\"\",\"start\":0}]'),(2504,1,'2020-08-18 09:08:38','0:0:0:0:0:0:0:1','com.lxy.crm.service.impl.EmployeeServiceImpl:updateOnline','[{\"id\":1,\"username\":\"admin\",\"realname\":\"刘小余\",\"password\":\"123\",\"tel\":\"15823388497\",\"email\":\"lxy@163.com\",\"dept\":null,\"inputtime\":\"2018-12-09\",\"state\":true,\"admin\":true,\"online\":true,\"roles\":[]}]'),(2505,NULL,'2020-08-18 09:10:14','0:0:0:0:0:0:0:1','com.lxy.crm.service.impl.EmployeeServiceImpl:getEmployeeForLogin','[\"admin\",\"123\"]'),(2506,NULL,'2020-08-18 09:10:14','0:0:0:0:0:0:0:1','com.lxy.crm.service.impl.EmployeeServiceImpl:updateOnline','[{\"id\":1,\"username\":\"admin\",\"realname\":\"刘小余\",\"password\":\"123\",\"tel\":\"15823388497\",\"email\":\"lxy@163.com\",\"dept\":null,\"inputtime\":\"2018-12-09\",\"state\":true,\"admin\":true,\"online\":false,\"roles\":[]}]'),(2507,1,'2020-08-18 09:10:14','0:0:0:0:0:0:0:1','com.lxy.crm.service.impl.PermissionServiceImpl:queryPermissionByEid','[1]'),(2508,1,'2020-08-18 09:10:14','0:0:0:0:0:0:0:1','com.lxy.crm.service.impl.MenuServiceImpl:queryForMenu','[]'),(2509,1,'2020-08-18 09:10:16','0:0:0:0:0:0:0:1','com.lxy.crm.service.impl.DepartmentServiceImpl:queryForEmp','[]'),(2510,1,'2020-08-18 09:10:16','0:0:0:0:0:0:0:1','com.lxy.crm.service.impl.RoleServiceImpl:queryForEmployeeRole','[]'),(2511,1,'2020-08-18 09:10:17','0:0:0:0:0:0:0:1','com.lxy.crm.service.impl.EmployeeServiceImpl:queryForPage','[{\"page\":1,\"rows\":10,\"keyword\":null,\"start\":0}]'),(2512,1,'2020-08-18 09:10:20','0:0:0:0:0:0:0:1','com.lxy.crm.service.impl.RoleServiceImpl:queryForPage','[{\"page\":1,\"rows\":10,\"keyword\":null,\"start\":0}]'),(2513,1,'2020-08-18 09:10:20','0:0:0:0:0:0:0:1','com.lxy.crm.service.impl.PermissionServiceImpl:queryForPage','[{\"page\":1,\"rows\":10,\"rid\":null,\"keyword\":null,\"start\":0}]'),(2514,1,'2020-08-18 09:10:31','0:0:0:0:0:0:0:1','com.lxy.crm.service.impl.RoleServiceImpl:queryForPage','[{\"page\":1,\"rows\":10,\"keyword\":\"普通\",\"start\":0}]'),(2515,1,'2020-08-18 09:10:32','0:0:0:0:0:0:0:1','com.lxy.crm.service.impl.RoleServiceImpl:queryForPage','[{\"page\":1,\"rows\":10,\"keyword\":\"普通\",\"start\":0}]'),(2516,1,'2020-08-18 09:10:33','0:0:0:0:0:0:0:1','com.lxy.crm.service.impl.RoleServiceImpl:queryForPage','[{\"page\":1,\"rows\":10,\"keyword\":\"普通\",\"start\":0}]'),(2517,1,'2020-08-18 09:10:40','0:0:0:0:0:0:0:1','com.lxy.crm.service.impl.RoleServiceImpl:queryForPage','[{\"page\":1,\"rows\":10,\"keyword\":\"001\",\"start\":0}]'),(2518,1,'2020-08-18 09:10:40','0:0:0:0:0:0:0:1','com.lxy.crm.service.impl.RoleServiceImpl:queryForPage','[{\"page\":1,\"rows\":10,\"keyword\":\"001\",\"start\":0}]'),(2519,1,'2020-08-18 09:10:41','0:0:0:0:0:0:0:1','com.lxy.crm.service.impl.RoleServiceImpl:queryForPage','[{\"page\":1,\"rows\":10,\"keyword\":\"001\",\"start\":0}]'),(2520,1,'2020-08-18 09:10:49','0:0:0:0:0:0:0:1','com.lxy.crm.service.impl.DepartmentServiceImpl:queryForPage','[{\"page\":1,\"rows\":10,\"keyword\":null,\"start\":0}]'),(2521,1,'2020-08-18 09:10:54','0:0:0:0:0:0:0:1','com.lxy.crm.service.impl.DepartmentServiceImpl:queryForPage','[{\"page\":1,\"rows\":10,\"keyword\":\"boss\",\"start\":0}]'),(2522,1,'2020-08-18 09:10:55','0:0:0:0:0:0:0:1','com.lxy.crm.service.impl.PermissionServiceImpl:queryForPage','[{\"page\":1,\"rows\":10,\"rid\":null,\"keyword\":null,\"start\":0}]'),(2523,1,'2020-08-18 09:11:00','0:0:0:0:0:0:0:1','com.lxy.crm.service.impl.PermissionServiceImpl:queryForPage','[{\"page\":1,\"rows\":10,\"rid\":null,\"keyword\":\"员工\",\"start\":0}]'),(2524,1,'2020-08-18 09:11:05','0:0:0:0:0:0:0:1','com.lxy.crm.service.impl.RoleServiceImpl:queryForPage','[{\"page\":1,\"rows\":10,\"keyword\":\"\",\"start\":0}]'),(2525,1,'2020-08-18 09:11:07','0:0:0:0:0:0:0:1','com.lxy.crm.service.impl.RoleServiceImpl:queryForPage','[{\"page\":1,\"rows\":10,\"keyword\":\"001\",\"start\":0}]'),(2526,1,'2020-08-18 09:11:07','0:0:0:0:0:0:0:1','com.lxy.crm.service.impl.RoleServiceImpl:queryForPage','[{\"page\":1,\"rows\":10,\"keyword\":\"001\",\"start\":0}]'),(2527,1,'2020-08-18 09:11:09','0:0:0:0:0:0:0:1','com.lxy.crm.service.impl.RoleServiceImpl:queryForPage','[{\"page\":1,\"rows\":1,\"keyword\":\"001\",\"start\":0}]'),(2528,1,'2020-08-18 09:11:13','0:0:0:0:0:0:0:1','com.lxy.crm.service.impl.RoleServiceImpl:queryForPage','[{\"page\":1,\"rows\":10,\"keyword\":\"001\",\"start\":0}]'),(2529,1,'2020-08-18 09:11:15','0:0:0:0:0:0:0:1','com.lxy.crm.service.impl.RoleServiceImpl:queryForPage','[{\"page\":1,\"rows\":1,\"keyword\":\"001\",\"start\":0}]'),(2530,1,'2020-08-18 09:11:22','0:0:0:0:0:0:0:1','com.lxy.crm.service.impl.RoleServiceImpl:queryForPage','[{\"page\":1,\"rows\":1,\"keyword\":\"001\",\"start\":0}]'),(2531,1,'2020-08-18 09:12:26','0:0:0:0:0:0:0:1','com.lxy.crm.service.impl.PermissionServiceImpl:queryForPage','[{\"page\":1,\"rows\":10,\"rid\":null,\"keyword\":\"\",\"start\":0}]'),(2532,1,'2020-08-18 09:13:09','0:0:0:0:0:0:0:1','com.lxy.crm.service.impl.RoleServiceImpl:queryForPage','[{\"page\":1,\"rows\":10,\"keyword\":null,\"start\":0}]'),(2533,1,'2020-08-18 09:13:09','0:0:0:0:0:0:0:1','com.lxy.crm.service.impl.PermissionServiceImpl:queryForPage','[{\"page\":1,\"rows\":10,\"rid\":null,\"keyword\":null,\"start\":0}]'),(2534,1,'2020-08-18 09:13:15','0:0:0:0:0:0:0:1','com.lxy.crm.service.impl.DepartmentServiceImpl:queryForPage','[{\"page\":1,\"rows\":10,\"keyword\":null,\"start\":0}]'),(2535,1,'2020-08-18 09:13:16','0:0:0:0:0:0:0:1','com.lxy.crm.service.impl.DepartmentServiceImpl:queryForPage','[{\"page\":1,\"rows\":10,\"keyword\":\"\",\"start\":0}]'),(2536,1,'2020-08-18 09:13:17','0:0:0:0:0:0:0:1','com.lxy.crm.service.impl.DepartmentServiceImpl:queryForEmp','[]'),(2537,1,'2020-08-18 09:13:17','0:0:0:0:0:0:0:1','com.lxy.crm.service.impl.RoleServiceImpl:queryForEmployeeRole','[]'),(2538,1,'2020-08-18 09:13:18','0:0:0:0:0:0:0:1','com.lxy.crm.service.impl.EmployeeServiceImpl:queryForPage','[{\"page\":1,\"rows\":10,\"keyword\":null,\"start\":0}]'),(2539,1,'2020-08-18 09:13:23','0:0:0:0:0:0:0:1','com.lxy.crm.service.impl.PermissionServiceImpl:queryForPage','[{\"page\":1,\"rows\":10,\"rid\":null,\"keyword\":null,\"start\":0}]'),(2540,1,'2020-08-18 09:13:24','0:0:0:0:0:0:0:1','com.lxy.crm.service.impl.PermissionServiceImpl:queryForPage','[{\"page\":1,\"rows\":10,\"rid\":null,\"keyword\":\"\",\"start\":0}]'),(2541,1,'2020-08-18 09:13:25','0:0:0:0:0:0:0:1','com.lxy.crm.service.impl.PermissionServiceImpl:queryForPage','[{\"page\":1,\"rows\":10,\"rid\":null,\"keyword\":\"\",\"start\":0}]'),(2542,1,'2020-08-18 09:13:26','0:0:0:0:0:0:0:1','com.lxy.crm.service.impl.PermissionServiceImpl:queryForPage','[{\"page\":1,\"rows\":10,\"rid\":null,\"keyword\":\"\",\"start\":0}]'),(2543,1,'2020-08-18 09:13:30','0:0:0:0:0:0:0:1','com.lxy.crm.service.impl.RoleServiceImpl:queryForPage','[{\"page\":1,\"rows\":10,\"keyword\":\"001\",\"start\":0}]'),(2544,1,'2020-08-18 09:13:35','0:0:0:0:0:0:0:1','com.lxy.crm.service.impl.RoleServiceImpl:queryForPage','[{\"page\":1,\"rows\":10,\"keyword\":\"001\",\"start\":0}]'),(2545,NULL,'2020-08-18 09:14:45','0:0:0:0:0:0:0:1','com.lxy.crm.service.impl.EmployeeServiceImpl:getEmployeeForLogin','[\"admin\",\"123\"]'),(2546,NULL,'2020-08-18 09:15:59','0:0:0:0:0:0:0:1','com.lxy.crm.service.impl.EmployeeServiceImpl:getEmployeeForLogin','[\"admin\",\"123\"]'),(2547,NULL,'2020-08-18 09:15:59','0:0:0:0:0:0:0:1','com.lxy.crm.service.impl.EmployeeServiceImpl:updateOnline','[{\"id\":1,\"username\":\"admin\",\"realname\":\"刘小余\",\"password\":\"123\",\"tel\":\"15823388497\",\"email\":\"lxy@163.com\",\"dept\":null,\"inputtime\":\"2018-12-09\",\"state\":true,\"admin\":true,\"online\":false,\"roles\":[]}]'),(2548,1,'2020-08-18 09:15:59','0:0:0:0:0:0:0:1','com.lxy.crm.service.impl.PermissionServiceImpl:queryPermissionByEid','[1]'),(2549,1,'2020-08-18 09:15:59','0:0:0:0:0:0:0:1','com.lxy.crm.service.impl.MenuServiceImpl:queryForMenu','[]'),(2550,1,'2020-08-18 09:16:02','0:0:0:0:0:0:0:1','com.lxy.crm.service.impl.RoleServiceImpl:queryForPage','[{\"page\":1,\"rows\":10,\"keyword\":null,\"start\":0}]'),(2551,1,'2020-08-18 09:16:02','0:0:0:0:0:0:0:1','com.lxy.crm.service.impl.PermissionServiceImpl:queryForPage','[{\"page\":1,\"rows\":10,\"rid\":null,\"keyword\":null,\"start\":0}]'),(2552,1,'2020-08-18 09:16:05','0:0:0:0:0:0:0:1','com.lxy.crm.service.impl.RoleServiceImpl:queryForPage','[{\"page\":1,\"rows\":10,\"keyword\":\"001\",\"start\":0}]'),(2553,1,'2020-08-18 09:16:08','0:0:0:0:0:0:0:1','com.lxy.crm.service.impl.RoleServiceImpl:queryForPage','[{\"page\":1,\"rows\":10,\"keyword\":\"00\",\"start\":0}]'),(2554,1,'2020-08-18 09:16:08','0:0:0:0:0:0:0:1','com.lxy.crm.service.impl.RoleServiceImpl:queryForPage','[{\"page\":1,\"rows\":10,\"keyword\":\"00\",\"start\":0}]'),(2555,1,'2020-08-18 09:16:13','0:0:0:0:0:0:0:1','com.lxy.crm.service.impl.DepartmentServiceImpl:queryForPage','[{\"page\":1,\"rows\":10,\"keyword\":null,\"start\":0}]'),(2556,1,'2020-08-18 09:16:14','0:0:0:0:0:0:0:1','com.lxy.crm.service.impl.DepartmentServiceImpl:queryForPage','[{\"page\":1,\"rows\":10,\"keyword\":\"\",\"start\":0}]'),(2557,1,'2020-08-18 09:16:14','0:0:0:0:0:0:0:1','com.lxy.crm.service.impl.DepartmentServiceImpl:queryForPage','[{\"page\":1,\"rows\":10,\"keyword\":\"\",\"start\":0}]'),(2558,1,'2020-08-18 09:16:15','0:0:0:0:0:0:0:1','com.lxy.crm.service.impl.PermissionServiceImpl:queryForPage','[{\"page\":1,\"rows\":10,\"rid\":null,\"keyword\":null,\"start\":0}]'),(2559,1,'2020-08-18 09:16:16','0:0:0:0:0:0:0:1','com.lxy.crm.service.impl.PermissionServiceImpl:queryForPage','[{\"page\":1,\"rows\":10,\"rid\":null,\"keyword\":\"\",\"start\":0}]'),(2560,1,'2020-08-18 09:16:16','0:0:0:0:0:0:0:1','com.lxy.crm.service.impl.PermissionServiceImpl:queryForPage','[{\"page\":1,\"rows\":10,\"rid\":null,\"keyword\":\"\",\"start\":0}]'),(2561,1,'2020-08-18 09:16:17','0:0:0:0:0:0:0:1','com.lxy.crm.service.impl.PermissionServiceImpl:queryForPage','[{\"page\":1,\"rows\":10,\"rid\":null,\"keyword\":\"\",\"start\":0}]'),(2562,1,'2020-08-18 09:16:18','0:0:0:0:0:0:0:1','com.lxy.crm.service.impl.DepartmentServiceImpl:queryForEmp','[]'),(2563,1,'2020-08-18 09:16:18','0:0:0:0:0:0:0:1','com.lxy.crm.service.impl.RoleServiceImpl:queryForEmployeeRole','[]'),(2564,1,'2020-08-18 09:16:18','0:0:0:0:0:0:0:1','com.lxy.crm.service.impl.EmployeeServiceImpl:queryForPage','[{\"page\":1,\"rows\":10,\"keyword\":null,\"start\":0}]'),(2565,1,'2020-08-18 09:16:45','0:0:0:0:0:0:0:1','com.lxy.crm.service.impl.DepartmentServiceImpl:queryForPage','[{\"page\":1,\"rows\":10,\"keyword\":\"\",\"start\":0}]'),(2566,1,'2020-08-18 09:16:46','0:0:0:0:0:0:0:1','com.lxy.crm.service.impl.DepartmentServiceImpl:queryForPage','[{\"page\":1,\"rows\":10,\"keyword\":\"\",\"start\":0}]'),(2567,1,'2020-08-18 09:16:46','0:0:0:0:0:0:0:1','com.lxy.crm.service.impl.DepartmentServiceImpl:queryForPage','[{\"page\":1,\"rows\":10,\"keyword\":\"\",\"start\":0}]'),(2568,1,'2020-08-18 09:16:47','0:0:0:0:0:0:0:1','com.lxy.crm.service.impl.PermissionServiceImpl:queryForPage','[{\"page\":1,\"rows\":10,\"rid\":null,\"keyword\":\"\",\"start\":0}]'),(2569,1,'2020-08-18 09:16:48','0:0:0:0:0:0:0:1','com.lxy.crm.service.impl.PermissionServiceImpl:queryForPage','[{\"page\":1,\"rows\":10,\"rid\":null,\"keyword\":\"\",\"start\":0}]'),(2570,1,'2020-08-18 09:16:48','0:0:0:0:0:0:0:1','com.lxy.crm.service.impl.PermissionServiceImpl:queryForPage','[{\"page\":1,\"rows\":10,\"rid\":null,\"keyword\":\"\",\"start\":0}]'),(2571,NULL,'2020-08-18 09:19:13','0:0:0:0:0:0:0:1','com.lxy.crm.service.impl.EmployeeServiceImpl:getEmployeeForLogin','[\"admin\",\"123\"]'),(2572,NULL,'2020-08-18 09:19:13','0:0:0:0:0:0:0:1','com.lxy.crm.service.impl.EmployeeServiceImpl:updateOnline','[{\"id\":1,\"username\":\"admin\",\"realname\":\"刘小余\",\"password\":\"123\",\"tel\":\"15823388497\",\"email\":\"lxy@163.com\",\"dept\":null,\"inputtime\":\"2018-12-09\",\"state\":true,\"admin\":true,\"online\":false,\"roles\":[]}]'),(2573,1,'2020-08-18 09:19:13','0:0:0:0:0:0:0:1','com.lxy.crm.service.impl.PermissionServiceImpl:queryPermissionByEid','[1]'),(2574,1,'2020-08-18 09:19:13','0:0:0:0:0:0:0:1','com.lxy.crm.service.impl.MenuServiceImpl:queryForMenu','[]'),(2575,1,'2020-08-18 09:19:16','0:0:0:0:0:0:0:1','com.lxy.crm.service.impl.DepartmentServiceImpl:queryForEmp','[]'),(2576,1,'2020-08-18 09:19:16','0:0:0:0:0:0:0:1','com.lxy.crm.service.impl.RoleServiceImpl:queryForEmployeeRole','[]'),(2577,1,'2020-08-18 09:19:16','0:0:0:0:0:0:0:1','com.lxy.crm.service.impl.EmployeeServiceImpl:queryForPage','[{\"page\":1,\"rows\":10,\"keyword\":null,\"start\":0}]'),(2578,1,'2020-08-18 09:19:19','0:0:0:0:0:0:0:1','com.lxy.crm.service.impl.EmployeeServiceImpl:queryForPage','[{\"page\":1,\"rows\":10,\"keyword\":\"\",\"start\":0}]'),(2579,1,'2020-08-18 09:19:20','0:0:0:0:0:0:0:1','com.lxy.crm.service.impl.DepartmentServiceImpl:queryForPage','[{\"page\":1,\"rows\":10,\"keyword\":null,\"start\":0}]'),(2580,1,'2020-08-18 09:19:22','0:0:0:0:0:0:0:1','com.lxy.crm.service.impl.DepartmentServiceImpl:queryForPage','[{\"page\":1,\"rows\":10,\"keyword\":\"\",\"start\":0}]'),(2581,1,'2020-08-18 09:19:23','0:0:0:0:0:0:0:1','com.lxy.crm.service.impl.RoleServiceImpl:queryForPage','[{\"page\":1,\"rows\":10,\"keyword\":null,\"start\":0}]'),(2582,1,'2020-08-18 09:19:23','0:0:0:0:0:0:0:1','com.lxy.crm.service.impl.PermissionServiceImpl:queryForPage','[{\"page\":1,\"rows\":10,\"rid\":null,\"keyword\":null,\"start\":0}]'),(2583,1,'2020-08-18 09:19:23','0:0:0:0:0:0:0:1','com.lxy.crm.service.impl.RoleServiceImpl:queryForPage','[{\"page\":1,\"rows\":10,\"keyword\":\"\",\"start\":0}]'),(2584,1,'2020-08-18 09:19:25','0:0:0:0:0:0:0:1','com.lxy.crm.service.impl.PermissionServiceImpl:queryForPage','[{\"page\":1,\"rows\":10,\"rid\":null,\"keyword\":null,\"start\":0}]'),(2585,1,'2020-08-18 09:19:26','0:0:0:0:0:0:0:1','com.lxy.crm.service.impl.PermissionServiceImpl:queryForPage','[{\"page\":1,\"rows\":10,\"rid\":null,\"keyword\":\"\",\"start\":0}]'),(2586,1,'2020-08-18 09:20:05','0:0:0:0:0:0:0:1','com.lxy.crm.service.impl.EmployeeServiceImpl:queryForPage','[{\"page\":2,\"rows\":10,\"keyword\":\"\",\"start\":10}]'),(2587,1,'2020-08-18 09:20:08','0:0:0:0:0:0:0:1','com.lxy.crm.service.impl.EmployeeServiceImpl:queryForPage','[{\"page\":1,\"rows\":10,\"keyword\":\"\",\"start\":0}]'),(2588,NULL,'2020-08-18 09:44:13','0:0:0:0:0:0:0:1','com.lxy.crm.service.impl.EmployeeServiceImpl:getEmployeeForLogin','[\"admin\",\"123\"]'),(2589,NULL,'2020-08-18 09:44:13','0:0:0:0:0:0:0:1','com.lxy.crm.service.impl.EmployeeServiceImpl:updateOnline','[{\"id\":1,\"username\":\"admin\",\"realname\":\"刘小余\",\"password\":\"123\",\"tel\":\"15823388497\",\"email\":\"lxy@163.com\",\"dept\":null,\"inputtime\":\"2018-12-09\",\"state\":true,\"admin\":true,\"online\":false,\"roles\":[]}]'),(2590,1,'2020-08-18 09:44:13','0:0:0:0:0:0:0:1','com.lxy.crm.service.impl.PermissionServiceImpl:queryPermissionByEid','[1]'),(2591,1,'2020-08-18 09:44:13','0:0:0:0:0:0:0:1','com.lxy.crm.service.impl.MenuServiceImpl:queryForMenu','[]'),(2592,1,'2020-08-18 09:44:17','0:0:0:0:0:0:0:1','com.lxy.crm.service.impl.DepartmentServiceImpl:queryForEmp','[]'),(2593,1,'2020-08-18 09:44:17','0:0:0:0:0:0:0:1','com.lxy.crm.service.impl.RoleServiceImpl:queryForEmployeeRole','[]'),(2594,1,'2020-08-18 09:44:18','0:0:0:0:0:0:0:1','com.lxy.crm.service.impl.EmployeeServiceImpl:queryForPage','[{\"page\":1,\"rows\":10,\"keyword\":null,\"start\":0}]'),(2595,1,'2020-08-18 09:44:22','0:0:0:0:0:0:0:1','com.lxy.crm.service.impl.RoleServiceImpl:queryForPage','[{\"page\":1,\"rows\":10,\"keyword\":null,\"start\":0}]'),(2596,1,'2020-08-18 09:44:22','0:0:0:0:0:0:0:1','com.lxy.crm.service.impl.PermissionServiceImpl:queryForPage','[{\"page\":1,\"rows\":10,\"rid\":null,\"keyword\":null,\"start\":0}]'),(2597,1,'2020-08-18 09:44:23','0:0:0:0:0:0:0:1','com.lxy.crm.service.impl.DepartmentServiceImpl:queryForPage','[{\"page\":1,\"rows\":10,\"keyword\":null,\"start\":0}]'),(2598,1,'2020-08-18 09:44:23','0:0:0:0:0:0:0:1','com.lxy.crm.service.impl.PermissionServiceImpl:queryForPage','[{\"page\":1,\"rows\":10,\"rid\":null,\"keyword\":null,\"start\":0}]'),(2599,1,'2020-08-18 09:44:32','0:0:0:0:0:0:0:1','com.lxy.crm.service.impl.EmployeeServiceImpl:selectAllForExcel','[]'),(2600,1,'2020-08-18 09:45:24','0:0:0:0:0:0:0:1','com.lxy.crm.service.impl.EmployeeServiceImpl:updateOnline','[{\"id\":1,\"username\":\"admin\",\"realname\":\"刘小余\",\"password\":\"123\",\"tel\":\"15823388497\",\"email\":\"lxy@163.com\",\"dept\":null,\"inputtime\":\"2018-12-09\",\"state\":true,\"admin\":true,\"online\":true,\"roles\":[]}]'),(2601,NULL,'2020-08-18 12:07:40','0:0:0:0:0:0:0:1','com.lxy.crm.service.impl.EmployeeServiceImpl:getEmployeeForLogin','[\"admin\",\"123\"]'),(2602,NULL,'2020-08-18 12:07:40','0:0:0:0:0:0:0:1','com.lxy.crm.service.impl.EmployeeServiceImpl:updateOnline','[{\"id\":1,\"username\":\"admin\",\"realname\":\"刘小余\",\"password\":\"123\",\"tel\":\"15823388497\",\"email\":\"lxy@163.com\",\"dept\":null,\"inputtime\":\"2018-12-09\",\"state\":true,\"admin\":true,\"online\":false,\"roles\":[]}]'),(2603,1,'2020-08-18 12:07:41','0:0:0:0:0:0:0:1','com.lxy.crm.service.impl.PermissionServiceImpl:queryPermissionByEid','[1]'),(2604,1,'2020-08-18 12:07:41','0:0:0:0:0:0:0:1','com.lxy.crm.service.impl.MenuServiceImpl:queryForMenu','[]'),(2605,1,'2020-08-18 12:07:47','0:0:0:0:0:0:0:1','com.lxy.crm.service.impl.DepartmentServiceImpl:queryForEmp','[]'),(2606,1,'2020-08-18 12:07:47','0:0:0:0:0:0:0:1','com.lxy.crm.service.impl.RoleServiceImpl:queryForEmployeeRole','[]'),(2607,1,'2020-08-18 12:07:52','0:0:0:0:0:0:0:1','com.lxy.crm.service.impl.EmployeeServiceImpl:queryForPage','[{\"page\":1,\"rows\":10,\"keyword\":null,\"start\":0}]'),(2608,1,'2020-08-18 12:07:56','0:0:0:0:0:0:0:1','com.lxy.crm.service.impl.RoleServiceImpl:queryForPage','[{\"page\":1,\"rows\":10,\"keyword\":null,\"start\":0}]'),(2609,1,'2020-08-18 12:07:56','0:0:0:0:0:0:0:1','com.lxy.crm.service.impl.PermissionServiceImpl:queryForPage','[{\"page\":1,\"rows\":10,\"rid\":null,\"keyword\":null,\"start\":0}]'),(2610,1,'2020-08-18 12:07:57','0:0:0:0:0:0:0:1','com.lxy.crm.service.impl.DepartmentServiceImpl:queryForPage','[{\"page\":1,\"rows\":10,\"keyword\":null,\"start\":0}]'),(2611,1,'2020-08-18 12:07:59','0:0:0:0:0:0:0:1','com.lxy.crm.service.impl.PermissionServiceImpl:queryForPage','[{\"page\":1,\"rows\":10,\"rid\":null,\"keyword\":null,\"start\":0}]'),(2612,1,'2020-08-18 12:08:01','0:0:0:0:0:0:0:1','com.lxy.crm.service.impl.EmployeeServiceImpl:selectAllForExcel','[]'),(2613,1,'2020-08-18 12:08:09','0:0:0:0:0:0:0:1','com.lxy.crm.service.impl.EmployeeServiceImpl:updateOnline','[{\"id\":1,\"username\":\"admin\",\"realname\":\"刘小余\",\"password\":\"123\",\"tel\":\"15823388497\",\"email\":\"lxy@163.com\",\"dept\":null,\"inputtime\":\"2018-12-09\",\"state\":true,\"admin\":true,\"online\":true,\"roles\":[]}]');

/*Table structure for table `menu` */

DROP TABLE IF EXISTS `menu`;

CREATE TABLE `menu` (
  `id` bigint(20) NOT NULL AUTO_INCREMENT,
  `text` varchar(100) DEFAULT NULL,
  `iconCls` varchar(100) DEFAULT NULL,
  `checked` tinyint(1) DEFAULT NULL,
  `state` varchar(10) DEFAULT NULL,
  `attributes` varchar(500) DEFAULT NULL,
  `parent_id` bigint(20) DEFAULT NULL,
  `function` varchar(500) DEFAULT NULL,
  PRIMARY KEY (`id`),
  KEY `FK_menu_self` (`parent_id`),
  CONSTRAINT `FK_menu_self` FOREIGN KEY (`parent_id`) REFERENCES `menu` (`id`)
) ENGINE=InnoDB AUTO_INCREMENT=9 DEFAULT CHARSET=utf8;

/*Data for the table `menu` */

insert  into `menu`(`id`,`text`,`iconCls`,`checked`,`state`,`attributes`,`parent_id`,`function`) values (1,'系统管理',NULL,NULL,NULL,NULL,NULL,NULL),(2,'员工管理',NULL,NULL,NULL,'{\"url\": \"/employee\"}',1,'com.lxy.crm.web.controller.EmployeeController:index'),(3,'角色管理',NULL,NULL,NULL,'{\"url\": \"/role\"}',1,'com.lxy.crm.web.controller.RoleController:index'),(4,'部门管理',NULL,NULL,NULL,'{\"url\": \"/department\"}',1,'com.lxy.crm.web.controller.DepartmentController:index'),(5,'权限管理',NULL,NULL,NULL,'{\"url\": \"/permission\"}',1,'com.lxy.crm.web.controller.PermissionController:index'),(6,'日志查看',NULL,NULL,NULL,NULL,1,NULL),(7,'营销管理',NULL,NULL,NULL,NULL,NULL,NULL),(8,'潜在客户管理',NULL,NULL,NULL,NULL,7,NULL);

/*Table structure for table `permission` */

DROP TABLE IF EXISTS `permission`;

CREATE TABLE `permission` (
  `id` bigint(20) NOT NULL AUTO_INCREMENT,
  `name` varchar(50) DEFAULT NULL,
  `resource` varchar(100) DEFAULT NULL,
  PRIMARY KEY (`id`)
) ENGINE=InnoDB AUTO_INCREMENT=17 DEFAULT CHARSET=utf8;

/*Data for the table `permission` */

insert  into `permission`(`id`,`name`,`resource`) values (1,'员工新增','com.lxy.crm.web.controller.EmployeeController:save'),(2,'员工编辑','com.lxy.crm.web.controller.EmployeeController:update'),(3,'员工离职','com.lxy.crm.web.controller.EmployeeController:delete'),(11,'员工列表','com.lxy.crm.web.controller.EmployeeController:list'),(12,'员工管理页面','com.lxy.crm.web.controller.EmployeeController:index'),(13,'部门管理页面','com.lxy.crm.web.controller.DepartmentController:index'),(14,'角色管理页面','com.lxy.crm.web.controller.RoleController:index'),(15,'权限管理页面','com.lxy.crm.web.controller.PermissionController:index'),(16,'员工导出','com.lxy.crm.web.controller.EmployeeController:exportEmployee');

/*Table structure for table `role` */

DROP TABLE IF EXISTS `role`;

CREATE TABLE `role` (
  `id` bigint(20) NOT NULL AUTO_INCREMENT,
  `name` varchar(50) DEFAULT NULL,
  `sn` varchar(50) DEFAULT NULL,
  PRIMARY KEY (`id`)
) ENGINE=InnoDB AUTO_INCREMENT=6 DEFAULT CHARSET=utf8;

/*Data for the table `role` */

insert  into `role`(`id`,`name`,`sn`) values (1,'普通管理员','001'),(2,'超级管理员','002'),(3,'游客测试','003');

/*Table structure for table `role_permission` */

DROP TABLE IF EXISTS `role_permission`;

CREATE TABLE `role_permission` (
  `id` bigint(20) NOT NULL AUTO_INCREMENT,
  `r_id` bigint(20) DEFAULT NULL,
  `p_id` bigint(20) DEFAULT NULL,
  PRIMARY KEY (`id`),
  KEY `FK_role_permission_permission` (`p_id`),
  KEY `FK_role_permission_role` (`r_id`),
  CONSTRAINT `FK_role_permission_permission` FOREIGN KEY (`p_id`) REFERENCES `permission` (`id`),
  CONSTRAINT `FK_role_permission_role` FOREIGN KEY (`r_id`) REFERENCES `role` (`id`)
) ENGINE=InnoDB AUTO_INCREMENT=111 DEFAULT CHARSET=utf8;

/*Data for the table `role_permission` */

insert  into `role_permission`(`id`,`r_id`,`p_id`) values (68,3,12),(69,3,11),(70,2,1),(71,2,2),(72,2,3),(73,2,11),(74,2,12),(75,2,13),(76,2,14),(77,2,15),(78,2,16),(105,1,1),(106,1,2),(107,1,3),(108,1,11),(109,1,12),(110,1,13);

/*!40101 SET SQL_MODE=@OLD_SQL_MODE */;
/*!40014 SET FOREIGN_KEY_CHECKS=@OLD_FOREIGN_KEY_CHECKS */;
/*!40014 SET UNIQUE_CHECKS=@OLD_UNIQUE_CHECKS */;
/*!40111 SET SQL_NOTES=@OLD_SQL_NOTES */;
